X,A1,A2,A3,A4,SRC_A1,SRC_A2,SRC_A3,SRC_A4,B1,B2,B3,B4,SRC_B1,SRC_B2,SRC_B3,SRC_B4,C1,C2,C3,C4,SRC_C1,SRC_C2,SRC_C3,SRC_C4
27,5.71,0,0,0,a,x,x,x,6.84,0,0,0,a,x,x,x,0,0,0,0,x,x,x,x
29,6.00,0,0,0,a,x,x,x,9.44,0,0,0,a,x,x,x,5.49,0,0,0,a,x,x,x
30,6.56,0,0,0,a,x,x,x,5.02,0,0,0,d,x,x,x,5.75,4.41,0,0,a,d,x,x
31,9.56,0,0,0,a,x,x,x,8.89,0,0,0,a,x,x,x,8.87,0,0,0,a,x,x,x
32,5.96,0,0,0,d,x,x,x,7.04,6.25,0,0,a,d,x,x,5.80,0,0,0,d,x,x,x
33,6.56,0,0,0,d,x,x,x,0,0,0,0,x,x,x,x,5.75,0,0,0,d,x,x,x
36,7.02,0,0,0,a,x,x,x,6.41,0,0,0,a,x,x,x,0,0,0,0,x,x,x,x
39,7.84,0,0,0,d,x,x,x,9.85,0,0,0,d,x,x,x,7.71,0,0,0,d,x,x,x
43,0,0,0,0,x,x,x,x,9.52,0,0,0,a,x,x,x,9.85,0,0,0,a,x,x,x
44,9.47,0,0,0,d,x,x,x,0,0,0,0,x,x,x,x,8.78,0,0,0,d,x,x,x
47,9.85,5.91,0,0,d,a,x,x,8.34,4.47,0,0,d,a,x,x,8.88,6.51,5.42,0,d,a,a,x
49,5.80,0,0,0,a,x,x,x,6.00,0,0,0,a,x,x,x,5.47,0,0,0,a,x,x,x
50,3.94,0,0,0,d,x,x,x,6.20,0,0,0,d,x,x,x,9.85,6.51,0,0,d,d,x,x
51,5.98,0,0,0,a,x,x,x,5.16,0,0,0,a,x,x,x,5.27,0,0,0,a,x,x,x
52,7.04,0,0,0,d,x,x,x,7.24,0,0,0,d,x,x,x,9.85,0,0,0,d,x,x,x
53,0,0,0,0,x,x,x,x,7.70,5.39,0,0,a,a,x,x,5.08,0,0,0,a,x,x,x
54,0,0,0,0,x,x,x,x,9.85,0,0,0,d,x,x,x,0,0,0,0,x,x,x,x
55,6.63,0,0,0,a,x,x,x,7.68,0,0,0,a,x,x,x,7.21,0,0,0,a,x,x,x
56,6.93,0,0,0,d,x,x,x,9.23,5.39,0,0,d,d,x,x,9.22,5.08,0,0,d,d,x,x
57,6.75,0,0,0,a,x,x,x,0,0,0,0,x,x,x,x,7.32,0,0,0,a,x,x,x
60,9.56,5.96,0,0,d,a,x,x,8.89,7.04,6.25,0,d,d,a,x,8.87,5.80,0,0,d,a,x,x
61,6.75,0,0,0,d,x,x,x,0,0,0,0,x,x,x,x,7.32,0,0,0,d,x,x,x
62,0,0,0,0,x,x,x,x,5.02,0,0,0,a,x,x,x,4.41,0,0,0,a,x,x,x
63,6.00,4.00,0,0,d,a,x,x,9.44,5.62,0,0,d,a,x,x,5.49,0,0,0,d,x,x,x
64,5.21,0,0,0,d,x,x,x,6.82,0,0,0,d,x,x,x,6.99,0,0,0,d,x,x,x
65,5.71,4.73,0,0,d,a,x,x,6.84,4.78,0,0,d,a,x,x,4.82,0,0,0,a,x,x,x
66,5.12,0,0,0,d,x,x,x,7.39,0,0,0,d,x,x,x,6.88,0,0,0,d,x,x,x
84,4.72,0,0,0,a,x,x,x,4.52,0,0,0,a,x,x,x,6.57,0,0,0,a,x,x,x
85,4.95,0,0,0,d,x,x,x,0,0,0,0,x,x,x,x,6.63,0,0,0,d,x,x,x
86,9.85,0,0,0,a,x,x,x,0,0,0,0,x,x,x,x,8.54,0,0,0,a,x,x,x
87,0,0,0,0,x,x,x,x,9.49,0,0,0,d,x,x,x,0,0,0,0,x,x,x,x
90,9.85,4.35,0,0,d,a,x,x,5.98,0,0,0,a,x,x,x,8.54,0,0,0,d,x,x,x
91,6.52,5.86,0,0,a,d,x,x,6.94,6.00,0,0,d,a,x,x,6.88,5.60,0,0,a,d,x,x
92,8.47,4.62,0,0,d,a,x,x,9.57,4.67,0,0,d,a,x,x,4.49,0,0,0,a,x,x,x
93,5.03,3.98,0,0,d,a,x,x,5.36,4.76,0,0,a,d,x,x,5.03,4.74,0,0,d,a,x,x
94,5.89,5.59,0,0,d,a,x,x,7.43,5.12,0,0,d,a,x,x,5.33,0,0,0,a,x,x,x
95,4.66,0,0,0,d,x,x,x,4.64,0,0,0,d,x,x,x,5.48,0,0,0,d,x,x,x
96,0,0,0,0,x,x,x,x,7.39,0,0,0,a,x,x,x,0,0,0,0,x,x,x,x
99,0,0,0,0,x,x,x,x,7.39,0,0,0,d,x,x,x,0,0,0,0,x,x,x,x
100,4.88,0,0,0,a,x,x,x,0,0,0,0,x,x,x,x,0,0,0,0,x,x,x,x
102,8.62,0,0,0,a,x,x,x,7.78,0,0,0,a,x,x,x,0,0,0,0,x,x,x,x
103,9.66,6.22,0,0,a,d,x,x,5.79,0,0,0,a,x,x,x,6.26,0,0,0,a,x,x,x
104,5.76,0,0,0,a,x,x,x,0,0,0,0,x,x,x,x,5.25,0,0,0,a,x,x,x
105,8.63,6.09,0,0,d,a,x,x,7.23,0,0,0,d,x,x,x,9.70,4.74,0,0,d,a,x,x
106,6.57,5.17,0,0,d,a,x,x,4.76,0,0,0,a,x,x,x,4.84,4.05,0,0,a,d,x,x
107,7.78,0,0,0,d,x,x,x,9.85,8.04,5.57,0,a,d,a,x,4.61,0,0,0,d,x,x,x
108,5.39,0,0,0,d,x,x,x,5.33,0,0,0,d,x,x,x,5.39,0,0,0,d,x,x,x
111,0,0,0,0,x,x,x,x,5.76,0,0,0,a,x,x,x,0,0,0,0,x,x,x,x
115,0,0,0,0,x,x,x,x,5.76,0,0,0,d,x,x,x,0,0,0,0,x,x,x,x
117,7.78,7.57,5.66,0,a,d,a,x,8.04,0,0,0,a,x,x,x,4.61,0,0,0,a,x,x,x
118,5.17,5.08,0,0,d,a,x,x,4.76,0,0,0,d,x,x,x,7.03,5.18,4.84,0,a,a,d,x
119,8.63,5.32,0,0,a,d,x,x,7.23,4.78,0,0,a,d,x,x,9.70,4.19,0,0,a,d,x,x
120,5.76,5.66,3.99,0,d,d,a,x,4.38,0,0,0,a,x,x,x,5.25,0,0,0,d,x,x,x
121,5.08,4.87,0,0,d,d,x,x,4.09,0,0,0,d,x,x,x,5.32,5.18,0,0,d,d,x,x
122,8.62,0,0,0,d,x,x,x,7.78,0,0,0,d,x,x,x,0,0,0,0,x,x,x,x
123,7.03,0,0,0,d,x,x,x,7.66,0,0,0,d,x,x,x,9.66,0,0,0,d,x,x,x
125,7.03,0,0,0,a,x,x,x,7.66,0,0,0,a,x,x,x,9.66,0,0,0,a,x,x,x
126,4.44,0,0,0,a,x,x,x,4.63,0,0,0,a,x,x,x,4.46,0,0,0,a,x,x,x
127,6.88,4.87,0,0,d,a,x,x,7.43,4.09,0,0,d,a,x,x,6.95,5.32,0,0,d,a,x,x
128,4.95,3.99,0,0,a,d,x,x,4.44,4.38,0,0,a,d,x,x,0,0,0,0,x,x,x,x
129,5.32,4.05,0,0,a,d,x,x,4.78,3.85,0,0,a,d,x,x,4.32,4.19,0,0,d,a,x,x
130,0,0,0,0,x,x,x,x,0,0,0,0,x,x,x,x,7.03,0,0,0,d,x,x,x
131,7.57,5.32,0,0,a,d,x,x,6.96,4.50,0,0,d,a,x,x,4.95,4.71,0,0,d,a,x,x
133,6.38,0,0,0,d,x,x,x,0,0,0,0,x,x,x,x,0,0,0,0,x,x,x,x
134,0,0,0,0,x,x,x,x,4.50,0,0,0,d,x,x,x,4.71,0,0,0,d,x,x,x
157,0,0,0,0,x,x,x,x,0,0,0,0,x,x,x,x,5.89,0,0,0,a,x,x,x
159,6.91,0,0,0,a,x,x,x,6.86,0,0,0,a,x,x,x,6.68,0,0,0,a,x,x,x
161,0,0,0,0,x,x,x,x,0,0,0,0,x,x,x,x,5.89,0,0,0,d,x,x,x
162,6.91,0,0,0,d,x,x,x,6.86,0,0,0,d,x,x,x,6.68,0,0,0,d,x,x,x
164,6.38,0,0,0,a,x,x,x,0,0,0,0,x,x,x,x,0,0,0,0,x,x,x,x
168,5.32,0,0,0,a,x,x,x,6.96,0,0,0,a,x,x,x,4.95,0,0,0,a,x,x,x
170,4.05,0,0,0,a,x,x,x,3.85,0,0,0,a,x,x,x,4.32,0,0,0,a,x,x,x
171,4.95,0,0,0,d,x,x,x,4.44,0,0,0,d,x,x,x,0,0,0,0,x,x,x,x
172,6.88,0,0,0,a,x,x,x,7.43,0,0,0,a,x,x,x,6.95,0,0,0,a,x,x,x
173,4.44,0,0,0,d,x,x,x,4.63,0,0,0,d,x,x,x,4.46,0,0,0,d,x,x,x
187,5.47,0,0,0,a,x,x,x,0,0,0,0,x,x,x,x,8.22,0,0,0,a,x,x,x
189,5.29,0,0,0,a,x,x,x,6.22,0,0,0,a,x,x,x,4.15,0,0,0,a,x,x,x
190,5.07,4.66,0,0,d,a,x,x,4.64,4.15,0,0,a,d,x,x,9.76,5.48,0,0,d,a,x,x
191,9.80,5.59,0,0,a,d,x,x,5.12,0,0,0,d,x,x,x,5.33,0,0,0,d,x,x,x
192,5.03,4.04,0,0,a,d,x,x,4.76,0,0,0,a,x,x,x,5.03,0,0,0,a,x,x,x
193,5.95,4.62,0,0,a,d,x,x,6.60,4.67,0,0,a,d,x,x,6.08,4.49,0,0,a,d,x,x
194,5.86,5.26,0,0,a,d,x,x,7.90,6.94,0,0,d,a,x,x,6.27,5.60,0,0,d,a,x,x
195,7.32,4.35,0,0,a,d,x,x,5.98,4.10,0,0,d,a,x,x,0,0,0,0,x,x,x,x
196,3.89,0,0,0,d,x,x,x,4.35,0,0,0,d,x,x,x,3.95,0,0,0,d,x,x,x
197,7.83,0,0,0,a,x,x,x,8.06,0,0,0,a,x,x,x,6.03,0,0,0,a,x,x,x
198,8.57,0,0,0,d,x,x,x,7.48,0,0,0,d,x,x,x,9.50,0,0,0,d,x,x,x
199,9.85,7.20,0,0,a,a,x,x,9.85,0,0,0,a,x,x,x,9.85,9.85,0,0,a,a,x,x
200,8.57,0,0,0,a,x,x,x,7.48,0,0,0,a,x,x,x,9.50,6.24,0,0,a,a,x,x
201,7.83,0,0,0,d,x,x,x,8.06,4.14,0,0,d,a,x,x,6.03,0,0,0,d,x,x,x
202,4.41,3.89,0,0,d,a,x,x,4.82,4.35,0,0,d,a,x,x,5.14,3.95,0,0,d,a,x,x
203,7.32,6.31,0,0,d,a,x,x,6.48,4.10,0,0,a,d,x,x,6.47,6.24,0,0,a,d,x,x
204,5.86,5.26,0,0,d,a,x,x,7.90,7.51,0,0,a,d,x,x,6.27,5.33,0,0,a,d,x,x
205,9.85,5.95,0,0,a,d,x,x,9.19,6.60,0,0,a,d,x,x,7.73,6.08,0,0,a,d,x,x
206,7.07,4.04,0,0,d,a,x,x,4.67,0,0,0,d,x,x,x,5.99,0,0,0,d,x,x,x
207,9.80,0,0,0,d,x,x,x,0,0,0,0,x,x,x,x,0,0,0,0,x,x,x,x
208,5.07,0,0,0,a,x,x,x,4.15,0,0,0,a,x,x,x,9.76,0,0,0,a,x,x,x
209,5.29,0,0,0,d,x,x,x,6.22,0,0,0,d,x,x,x,4.15,0,0,0,d,x,x,x
211,5.47,5.39,0,0,d,a,x,x,0,0,0,0,x,x,x,x,8.22,0,0,0,d,x,x,x
214,5.39,0,0,0,d,x,x,x,0,0,0,0,x,x,x,x,0,0,0,0,x,x,x,x
223,7.84,0,0,0,a,x,x,x,9.85,0,0,0,a,x,x,x,7.71,0,0,0,a,x,x,x
224,7.07,7.02,0,0,a,d,x,x,6.41,4.67,0,0,d,a,x,x,5.99,0,0,0,a,x,x,x
225,9.85,0,0,0,d,x,x,x,9.19,0,0,0,d,x,x,x,7.73,0,0,0,d,x,x,x
227,6.31,5.86,0,0,d,a,x,x,7.51,6.48,0,0,a,d,x,x,6.47,5.33,0,0,d,a,x,x
229,5.30,4.41,0,0,a,a,x,x,4.82,4.64,0,0,a,a,x,x,5.14,4.64,0,0,a,a,x,x
230,0,0,0,0,x,x,x,x,4.14,0,0,0,d,x,x,x,0,0,0,0,x,x,x,x
232,7.20,5.30,0,0,d,d,x,x,4.64,0,0,0,d,x,x,x,9.85,4.64,0,0,d,d,x,x
233,9.85,0,0,0,d,x,x,x,9.85,0,0,0,d,x,x,x,9.85,0,0,0,d,x,x,x
236,0,0,0,0,x,x,x,x,9.49,0,0,0,a,x,x,x,0,0,0,0,x,x,x,x
237,5.39,0,0,0,a,x,x,x,9.85,5.33,0,0,d,a,x,x,5.39,0,0,0,a,x,x,x
238,4.95,0,0,0,a,x,x,x,5.57,0,0,0,d,x,x,x,6.63,0,0,0,a,x,x,x
239,6.57,4.72,0,0,a,d,x,x,4.52,0,0,0,d,x,x,x,6.57,4.05,0,0,d,a,x,x
240,6.09,0,0,0,d,x,x,x,0,0,0,0,x,x,x,x,4.74,0,0,0,d,x,x,x
241,6.22,0,0,0,a,x,x,x,0,0,0,0,x,x,x,x,0,0,0,0,x,x,x,x
242,9.66,0,0,0,d,x,x,x,5.79,0,0,0,d,x,x,x,6.26,0,0,0,d,x,x,x
244,4.88,0,0,0,d,x,x,x,0,0,0,0,x,x,x,x,0,0,0,0,x,x,x,x
265,5.12,0,0,0,a,x,x,x,7.39,0,0,0,a,x,x,x,6.88,0,0,0,a,x,x,x
266,5.89,4.73,0,0,a,d,x,x,7.43,4.78,0,0,a,d,x,x,4.82,0,0,0,d,x,x,x
267,5.21,3.98,0,0,a,d,x,x,6.82,5.36,0,0,a,d,x,x,6.99,4.74,0,0,a,d,x,x
268,8.47,4.00,0,0,a,d,x,x,9.57,5.62,0,0,a,d,x,x,0,0,0,0,x,x,x,x
269,6.52,0,0,0,d,x,x,x,6.00,0,0,0,d,x,x,x,6.88,0,0,0,d,x,x,x
271,6.93,5.06,0,0,a,a,x,x,9.23,6.86,0,0,a,a,x,x,9.22,6.26,0,0,a,a,x,x
272,6.63,0,0,0,d,x,x,x,7.68,0,0,0,d,x,x,x,7.21,0,0,0,d,x,x,x
273,0,0,0,0,x,x,x,x,9.85,0,0,0,a,x,x,x,0,0,0,0,x,x,x,x
274,5.66,5.06,0,0,a,d,x,x,7.70,6.86,5.46,0,d,d,a,x,6.26,5.52,0,0,d,a,x,x
275,7.04,0,0,0,a,x,x,x,7.24,0,0,0,a,x,x,x,9.85,0,0,0,a,x,x,x
276,5.98,4.35,0,0,d,a,x,x,6.05,5.16,0,0,a,d,x,x,5.27,4.49,0,0,d,a,x,x
277,3.94,3.66,0,0,a,d,x,x,6.20,5.78,0,0,a,d,x,x,9.85,4.64,0,0,a,d,x,x
278,6.64,5.80,0,0,a,d,x,x,6.00,5.81,0,0,d,a,x,x,5.87,5.47,0,0,a,d,x,x
279,6.96,0,0,0,d,x,x,x,8.34,7.61,0,0,a,d,x,x,6.97,0,0,0,d,x,x,x
280,9.85,5.91,2.96,0,a,d,a,x,4.70,4.47,0,0,a,d,x,x,8.88,5.42,3.75,0,a,d,a,x
281,7.13,0,0,0,d,x,x,x,8.83,0,0,0,d,x,x,x,7.52,0,0,0,d,x,x,x
284,7.13,2.96,0,0,a,d,x,x,8.83,4.70,0,0,a,d,x,x,7.52,3.75,0,0,a,d,x,x
287,6.96,6.64,0,0,a,d,x,x,7.61,5.81,0,0,a,d,x,x,6.97,5.87,0,0,a,d,x,x
289,3.66,0,0,0,a,x,x,x,5.78,0,0,0,a,x,x,x,4.64,0,0,0,a,x,x,x
290,4.35,4.25,0,0,d,a,x,x,7.34,6.05,0,0,a,d,x,x,7.34,4.49,0,0,a,d,x,x
292,5.66,0,0,0,d,x,x,x,5.46,0,0,0,d,x,x,x,5.52,0,0,0,d,x,x,x
294,5.12,4.25,0,0,a,d,x,x,7.34,3.70,0,0,d,a,x,x,7.96,7.34,0,0,a,d,x,x
295,0,0,0,0,x,x,x,x,0,0,0,0,x,x,x,x,5.70,0,0,0,a,x,x,x
296,3.22,2.96,0,0,a,a,x,x,4.23,3.80,0,0,a,a,x,x,7.27,3.83,0,0,a,a,x,x
297,3.45,0,0,0,a,x,x,x,3.81,0,0,0,a,x,x,x,2.08,0,0,0,a,x,x,x
298,0,0,0,0,x,x,x,x,0,0,0,0,x,x,x,x,0.94,0,0,0,a,x,x,x
299,5.12,4.20,0,0,d,a,x,x,7.20,5.81,3.70,0,a,a,d,x,7.96,3.70,0,0,d,a,x,x
300,8.14,4.57,2.96,0,a,a,d,x,5.94,5.37,4.23,0,a,a,d,x,7.81,6.04,5.70,3.83,a,a,d,d
301,6.44,3.22,0,0,a,d,x,x,3.80,0,0,0,d,x,x,x,7.27,0,0,0,d,x,x,x
302,3.45,0,0,0,d,x,x,x,3.81,0,0,0,d,x,x,x,2.08,0,0,0,d,x,x,x
303,0,0,0,0,x,x,x,x,5.81,0,0,0,d,x,x,x,0.94,0,0,0,d,x,x,x
304,4.20,0,0,0,d,x,x,x,7.20,0,0,0,d,x,x,x,3.70,0,0,0,d,x,x,x
305,6.44,4.57,0,0,d,d,x,x,5.37,0,0,0,d,x,x,x,6.04,0,0,0,d,x,x,x
306,8.14,0,0,0,d,x,x,x,5.94,0,0,0,d,x,x,x,7.81,0,0,0,d,x,x,x
308,6.47,0,0,0,a,x,x,x,7.62,0,0,0,a,x,x,x,0,0,0,0,x,x,x,x
,
X,A1,A2,A3,A4,SRC_A1,SRC_A2,SRC_A3,SRC_A4,B1,B2,B3,B4,SRC_B1,SRC_B2,SRC_B3,SRC_B4,C1,C2,C3,C4,SRC_C1,SRC_C2,SRC_C3,SRC_C4
311,4.13,0,0,0,a,x,x,x,4.93,0,0,0,a,x,x,x,4.66,0,0,0,a,x,x,x
312,8.43,0,0,0,d,x,x,x,9.13,0,0,0,d,x,x,x,9.82,0,0,0,d,x,x,x
313,5.13,0,0,0,a,x,x,x,4.37,0,0,0,a,x,x,x,5.13,0,0,0,a,x,x,x
314,3.91,0,0,0,d,x,x,x,3.94,0,0,0,d,x,x,x,3.81,0,0,0,d,x,x,x
316,7.50,7.12,0,0,a,d,x,x,6.78,6.62,0,0,a,d,x,x,7.96,6.43,0,0,d,a,x,x
318,6.63,0,0,0,a,x,x,x,6.51,0,0,0,a,x,x,x,6.63,0,0,0,a,x,x,x
319,7.31,0,0,0,d,x,x,x,9.03,0,0,0,d,x,x,x,6.87,0,0,0,d,x,x,x
324,9.85,0,0,0,d,x,x,x,0,0,0,0,x,x,x,x,9.06,0,0,0,d,x,x,x
326,0,0,0,0,x,x,x,x,4.66,0,0,0,a,x,x,x,0,0,0,0,x,x,x,x
327,8.19,5.60,0,0,a,d,x,x,4.86,0,0,0,d,x,x,x,7.03,0,0,0,a,x,x,x
328,0,0,0,0,x,x,x,x,6.83,0,0,0,a,x,x,x,5.25,0,0,0,a,x,x,x
329,7.49,0,0,0,d,x,x,x,0,0,0,0,x,x,x,x,6.75,0,0,0,d,x,x,x
334,0,0,0,0,x,x,x,x,7.87,0,0,0,a,x,x,x,7.46,0,0,0,a,x,x,x
336,6.21,0,0,0,a,x,x,x,6.21,0,0,0,a,x,x,x,4.84,0,0,0,a,x,x,x
337,4.56,0,0,0,a,x,x,x,0,0,0,0,x,x,x,x,0,0,0,0,x,x,x,x
338,3.00,0.87,0,0,a,a,x,x,5.11,4.21,0,0,a,a,x,x,3.54,3.11,0,0,a,a,x,x
339,6.21,6.04,0,0,d,a,x,x,6.21,4.71,0,0,d,a,x,x,6.39,4.84,0,0,a,d,x,x
341,4.56,0,0,0,d,x,x,x,0,0,0,0,x,x,x,x,0,0,0,0,x,x,x,x
342,3.00,0,0,0,d,x,x,x,4.21,0,0,0,d,x,x,x,7.10,3.11,0,0,a,d,x,x
343,0.87,0,0,0,d,x,x,x,5.11,0,0,0,d,x,x,x,3.54,0,0,0,d,x,x,x
344,6.04,0,0,0,d,x,x,x,4.71,0,0,0,d,x,x,x,6.39,0,0,0,d,x,x,x
345,0,0,0,0,x,x,x,x,0,0,0,0,x,x,x,x,7.10,0,0,0,d,x,x,x
348,8.99,0,0,0,a,x,x,x,0,0,0,0,x,x,x,x,7.50,0,0,0,a,x,x,x
349,3.96,0,0,0,a,x,x,x,0,0,0,0,x,x,x,x,3.46,0,0,0,a,x,x,x
350,9.73,0,0,0,a,x,x,x,7.37,0,0,0,a,x,x,x,7.07,0,0,0,a,x,x,x
352,0,0,0,0,x,x,x,x,0,0,0,0,x,x,x,x,9.85,0,0,0,d,x,x,x
353,3.96,0,0,0,d,x,x,x,0,0,0,0,x,x,x,x,3.46,0,0,0,d,x,x,x
354,9.73,5.02,0,0,d,a,x,x,7.37,4.45,0,0,d,a,x,x,7.07,6.20,0,0,d,a,x,x
355,7.28,0,0,0,d,x,x,x,8.78,0,0,0,d,x,x,x,7.11,0,0,0,d,x,x,x
356,5.27,0,0,0,a,x,x,x,4.56,0,0,0,a,x,x,x,6.19,0,0,0,a,x,x,x
357,5.09,0,0,0,d,x,x,x,0,0,0,0,x,x,x,x,5.93,0,0,0,d,x,x,x
358,7.43,0,0,0,a,x,x,x,6.37,0,0,0,a,x,x,x,6.25,0,0,0,a,x,x,x
359,5.45,0,0,0,d,x,x,x,4.37,0,0,0,d,x,x,x,4.66,0,0,0,d,x,x,x
362,9.85,0,0,0,d,x,x,x,0,0,0,0,x,x,x,x,0,0,0,0,x,x,x,x
363,0,0,0,0,x,x,x,x,7.87,0,0,0,d,x,x,x,7.46,0,0,0,d,x,x,x
364,9.61,0,0,0,d,x,x,x,8.23,0,0,0,d,x,x,x,9.46,0,0,0,d,x,x,x
365,0,0,0,0,x,x,x,x,4.48,0,0,0,a,x,x,x,0.59,0,0,0,a,x,x,x
366,6.41,4.76,0,0,a,a,x,x,8.66,0,0,0,a,x,x,x,6.98,0,0,0,a,x,x,x
368,0,0,0,0,x,x,x,x,5.06,0,0,0,a,x,x,x,0,0,0,0,x,x,x,x
370,4.76,0,0,0,d,x,x,x,4.48,0,0,0,d,x,x,x,0.59,0,0,0,d,x,x,x
371,6.41,0,0,0,d,x,x,x,8.66,0,0,0,d,x,x,x,6.98,0,0,0,d,x,x,x
372,0,0,0,0,x,x,x,x,5.06,0,0,0,d,x,x,x,0,0,0,0,x,x,x,x
376,8.70,6.49,0,0,d,a,x,x,0,0,0,0,x,x,x,x,9.85,6.95,0,0,d,a,x,x
377,5.67,0,0,0,d,x,x,x,4.94,0,0,0,d,x,x,x,5.45,0,0,0,d,x,x,x
378,5.12,0,0,0,a,x,x,x,5.36,0,0,0,a,x,x,x,5.23,0,0,0,a,x,x,x
379,6.00,0,0,0,d,x,x,x,7.23,0,0,0,d,x,x,x,5.28,0,0,0,d,x,x,x
380,7.41,0,0,0,a,x,x,x,0,0,0,0,x,x,x,x,8.01,0,0,0,a,x,x,x
381,6.26,0,0,0,d,x,x,x,4.67,0,0,0,d,x,x,x,7.96,5.71,0,0,d,d,x,x
383,7.41,6.21,0,0,d,a,x,x,3.32,0,0,0,a,x,x,x,3.11,0,0,0,a,x,x,x
384,0,0,0,0,x,x,x,x,9.85,0,0,0,d,x,x,x,4.78,0,0,0,a,x,x,x
386,2.98,0,0,0,a,x,x,x,2.96,0,0,0,a,x,x,x,3.23,0,0,0,a,x,x,x
387,6.21,4.68,0,0,d,a,x,x,3.90,3.32,0,0,a,d,x,x,4.68,3.11,0,0,a,d,x,x
388,0,0,0,0,x,x,x,x,0,0,0,0,x,x,x,x,9.85,4.78,0,0,a,d,x,x
390,9.85,2.98,0,0,a,d,x,x,2.96,0,0,0,d,x,x,x,3.23,0,0,0,d,x,x,x
391,4.68,0,0,0,d,x,x,x,3.90,0,0,0,d,x,x,x,4.68,0,0,0,d,x,x,x
392,9.28,5.00,0,0,a,a,x,x,9.38,5.48,0,0,a,a,x,x,9.85,5.49,0,0,a,a,x,x
393,6.66,0,0,0,d,x,x,x,4.46,0,0,0,d,x,x,x,5.55,0,0,0,d,x,x,x
394,9.40,5.84,0,0,d,a,x,x,7.25,0,0,0,d,x,x,x,9.85,5.02,0,0,d,a,x,x
395,5.45,0,0,0,a,x,x,x,4.37,0,0,0,a,x,x,x,4.66,0,0,0,a,x,x,x
396,7.43,5.02,0,0,d,a,x,x,6.37,5.26,0,0,d,a,x,x,6.25,4.72,0,0,d,a,x,x
397,5.09,4.13,0,0,a,d,x,x,5.55,0,0,0,d,x,x,x,5.93,5.50,0,0,a,d,x,x
398,5.27,4.51,0,0,d,a,x,x,5.86,4.56,0,0,a,d,x,x,6.19,5.30,0,0,d,a,x,x
399,7.28,4.45,0,0,a,d,x,x,8.78,6.21,0,0,a,d,x,x,7.11,4.88,0,0,a,d,x,x
400,5.02,4.54,0,0,d,a,x,x,4.51,4.45,0,0,a,d,x,x,6.20,4.71,0,0,d,a,x,x
401,4.64,0,0,0,d,x,x,x,4.22,0,0,0,d,x,x,x,4.10,0,0,0,d,x,x,x
402,8.99,5.50,0,0,d,a,x,x,5.78,0,0,0,a,x,x,x,7.50,5.30,0,0,d,a,x,x
403,4.12,0,0,0,d,x,x,x,4.05,0,0,0,d,x,x,x,4.99,0,0,0,d,x,x,x
404,3.89,0,0,0,a,x,x,x,3.95,0,0,0,a,x,x,x,3.48,0,0,0,a,x,x,x
405,9.85,7.59,0,0,d,d,x,x,9.71,0,0,0,d,x,x,x,6.16,0,0,0,d,x,x,x
406,9.85,4.46,0,0,d,a,x,x,9.85,4.71,0,0,d,a,x,x,9.85,2.96,0,0,d,a,x,x
407,3.77,0,0,0,a,x,x,x,3.24,0,0,0,a,x,x,x,3.15,0,0,0,a,x,x,x
408,3.89,0,0,0,d,x,x,x,3.95,0,0,0,d,x,x,x,3.48,0,0,0,d,x,x,x
409,4.91,0,0,0,a,x,x,x,5.13,0,0,0,a,x,x,x,4.91,0,0,0,a,x,x,x
410,4.46,0,0,0,d,x,x,x,4.71,0,0,0,d,x,x,x,2.96,0,0,0,d,x,x,x
411,3.77,0,0,0,d,x,x,x,3.24,0,0,0,d,x,x,x,3.15,0,0,0,d,x,x,x
412,4.91,0,0,0,d,x,x,x,5.13,0,0,0,d,x,x,x,4.91,0,0,0,d,x,x,x
416,3.45,0,0,0,a,x,x,x,5.47,0,0,0,a,x,x,x,6.53,0,0,0,a,x,x,x
417,8.68,0,0,0,a,x,x,x,6.44,0,0,0,a,x,x,x,5.76,0,0,0,a,x,x,x
418,8.42,6.20,0,0,a,a,x,x,8.10,7.26,0,0,a,a,x,x,9.48,6.53,0,0,a,a,x,x
420,0,0,0,0,x,x,x,x,9.85,0,0,0,a,x,x,x,9.11,0,0,0,a,x,x,x
421,3.45,0,0,0,d,x,x,x,5.47,0,0,0,d,x,x,x,6.53,0,0,0,d,x,x,x
422,8.68,0,0,0,d,x,x,x,6.44,0,0,0,d,x,x,x,5.76,0,0,0,d,x,x,x
423,6.20,0,0,0,d,x,x,x,7.26,0,0,0,d,x,x,x,6.53,0,0,0,d,x,x,x
424,8.42,0,0,0,d,x,x,x,9.80,8.10,0,0,a,d,x,x,9.81,9.48,0,0,a,d,x,x
426,5.67,0,0,0,a,x,x,x,7.48,0,0,0,a,x,x,x,5.93,0,0,0,a,x,x,x
429,5.67,0,0,0,d,x,x,x,7.48,0,0,0,d,x,x,x,5.93,0,0,0,d,x,x,x
430,0,0,0,0,x,x,x,x,0,0,0,0,x,x,x,x,7.96,0,0,0,a,x,x,x
431,6.26,0,0,0,a,x,x,x,4.67,0,0,0,a,x,x,x,8.01,5.71,0,0,d,a,x,x
432,9.85,6.26,0,0,d,a,x,x,5.14,0,0,0,a,x,x,x,8.13,4.43,0,0,d,a,x,x
433,6.91,6.00,0,0,d,a,x,x,9.01,7.23,0,0,d,a,x,x,7.30,5.28,0,0,d,a,x,x
434,5.12,4.20,0,0,d,a,x,x,5.36,4.23,0,0,d,a,x,x,5.23,4.87,0,0,d,a,x,x
435,8.70,5.67,4.54,0,a,a,d,x,4.94,4.54,0,0,a,d,x,x,9.85,5.45,4.43,0,a,a,d,x
436,6.49,5.55,0,0,d,a,x,x,5.97,0,0,0,a,x,x,x,6.95,5.69,0,0,d,a,x,x
437,5.65,0,0,0,d,x,x,x,6.02,0,0,0,d,x,x,x,4.65,0,0,0,d,x,x,x
438,5.85,4.76,0,0,a,a,x,x,6.02,3.24,0,0,a,a,x,x,6.33,3.06,0,0,a,a,x,x
439,6.86,0,0,0,d,x,x,x,6.59,0,0,0,d,x,x,x,8.03,0,0,0,d,x,x,x
442,4.76,0,0,0,d,x,x,x,3.24,0,0,0,d,x,x,x,3.06,0,0,0,d,x,x,x
443,5.85,0,0,0,d,x,x,x,6.02,0,0,0,d,x,x,x,6.33,0,0,0,d,x,x,x
451,6.20,0,0,0,a,x,x,x,6.36,0,0,0,a,x,x,x,7.81,0,0,0,a,x,x,x
452,0,0,0,0,x,x,x,x,0,0,0,0,x,x,x,x,9.85,0,0,0,a,x,x,x
453,5.17,0,0,0,a,x,x,x,7.32,0,0,0,a,x,x,x,6.28,0,0,0,a,x,x,x
454,4.84,0,0,0,d,x,x,x,6.70,0,0,0,d,x,x,x,5.97,0,0,0,d,x,x,x
462,0,0,0,0,x,x,x,x,9.85,0,0,0,d,x,x,x,9.11,0,0,0,d,x,x,x
465,0,0,0,0,x,x,x,x,9.80,0,0,0,d,x,x,x,9.81,0,0,0,d,x,x,x
474,0,0,0,0,x,x,x,x,7.28,0,0,0,d,x,x,x,0,0,0,0,x,x,x,x
489,0,0,0,0,x,x,x,x,7.28,0,0,0,a,x,x,x,0,0,0,0,x,x,x,x
493,4.84,0,0,0,a,x,x,x,6.70,0,0,0,a,x,x,x,5.97,0,0,0,a,x,x,x
494,5.17,0,0,0,d,x,x,x,7.32,0,0,0,d,x,x,x,6.28,0,0,0,d,x,x,x
496,6.20,0,0,0,d,x,x,x,6.36,0,0,0,d,x,x,x,7.81,0,0,0,d,x,x,x
503,3.24,0,0,0,a,x,x,x,6.15,0,0,0,a,x,x,x,8.19,0,0,0,a,x,x,x
504,9.85,9.85,0,0,a,a,x,x,9.85,0,0,0,a,x,x,x,9.85,0,0,0,a,x,x,x
506,7.59,0,0,0,a,x,x,x,9.71,0,0,0,a,x,x,x,6.16,0,0,0,a,x,x,x
507,6.86,3.24,0,0,a,d,x,x,6.59,6.15,0,0,a,d,x,x,8.19,8.03,0,0,d,a,x,x
508,4.12,0,0,0,a,x,x,x,4.05,0,0,0,a,x,x,x,4.99,0,0,0,a,x,x,x
509,5.65,5.50,0,0,a,d,x,x,6.02,5.78,0,0,a,d,x,x,5.30,4.65,0,0,d,a,x,x
510,5.55,4.64,0,0,d,a,x,x,5.97,4.22,0,0,d,a,x,x,5.69,4.10,0,0,d,a,x,x
511,4.54,4.54,0,0,d,a,x,x,4.54,4.51,0,0,a,d,x,x,4.71,4.43,0,0,d,a,x,x
512,4.45,4.20,0,0,a,d,x,x,6.21,4.23,0,0,a,d,x,x,4.88,4.87,0,0,a,d,x,x
513,9.85,6.91,4.51,0,a,a,d,x,9.01,5.86,0,0,a,d,x,x,8.13,7.30,5.30,0,a,a,d,x
514,6.26,4.13,0,0,d,a,x,x,5.55,5.14,0,0,a,d,x,x,5.50,4.43,0,0,a,d,x,x
515,5.02,0,0,0,d,x,x,x,5.26,0,0,0,d,x,x,x,4.72,0,0,0,d,x,x,x
516,9.40,0,0,0,a,x,x,x,7.25,0,0,0,a,x,x,x,9.85,0,0,0,a,x,x,x
517,5.84,0,0,0,d,x,x,x,0,0,0,0,x,x,x,x,5.02,0,0,0,d,x,x,x
523,9.85,0,0,0,a,x,x,x,0,0,0,0,x,x,x,x,0,0,0,0,x,x,x,x
524,9.28,6.66,0,0,d,a,x,x,9.38,4.46,0,0,d,a,x,x,9.85,5.55,0,0,d,a,x,x
525,9.61,5.00,0,0,a,d,x,x,8.23,5.48,0,0,a,d,x,x,9.46,5.49,0,0,a,d,x,x
526,0,0,0,0,x,x,x,x,5.34,0,0,0,a,x,x,x,0,0,0,0,x,x,x,x
527,9.85,0,0,0,d,x,x,x,0,0,0,0,x,x,x,x,9.85,0,0,0,d,x,x,x
528,9.04,0,0,0,a,x,x,x,0,0,0,0,x,x,x,x,0,0,0,0,x,x,x,x
529,0,0,0,0,x,x,x,x,5.34,0,0,0,d,x,x,x,0,0,0,0,x,x,x,x
531,9.04,0,0,0,d,x,x,x,0,0,0,0,x,x,x,x,0,0,0,0,x,x,x,x
532,8.19,0,0,0,d,x,x,x,0,0,0,0,x,x,x,x,7.03,0,0,0,d,x,x,x
537,7.62,0,0,0,d,x,x,x,7.74,0,0,0,d,x,x,x,7.70,0,0,0,d,x,x,x
538,9.85,0,0,0,a,x,x,x,0,0,0,0,x,x,x,x,9.06,0,0,0,a,x,x,x
539,4.34,0,0,0,a,x,x,x,5.07,0,0,0,a,x,x,x,4.27,0,0,0,a,x,x,x
540,8.12,5.60,0,0,d,a,x,x,8.05,4.86,0,0,d,a,x,x,9.45,0,0,0,d,x,x,x
541,0,0,0,0,x,x,x,x,9.13,0,0,0,a,x,x,x,4.46,0,0,0,a,x,x,x
542,7.49,5.87,5.21,0,a,a,d,x,9.02,5.36,0,0,a,d,x,x,6.75,5.74,0,0,a,d,x,x
543,0,0,0,0,x,x,x,x,6.57,4.66,0,0,a,d,x,x,6.50,0,0,0,a,x,x,x
544,9.85,0,0,0,d,x,x,x,9.85,0,0,0,d,x,x,x,9.85,0,0,0,d,x,x,x
545,5.87,0,0,0,d,x,x,x,9.02,6.83,0,0,d,d,x,x,5.25,0,0,0,d,x,x,x
546,9.85,0,0,0,a,x,x,x,9.85,0,0,0,a,x,x,x,9.85,0,0,0,a,x,x,x
547,0,0,0,0,x,x,x,x,6.57,0,0,0,d,x,x,x,6.50,0,0,0,d,x,x,x
548,5.21,0,0,0,a,x,x,x,5.36,0,0,0,a,x,x,x,5.74,0,0,0,a,x,x,x
549,0,0,0,0,x,x,x,x,9.13,0,0,0,d,x,x,x,4.46,0,0,0,d,x,x,x
550,8.12,0,0,0,a,x,x,x,8.05,0,0,0,a,x,x,x,9.45,0,0,0,a,x,x,x
551,4.34,4.15,0,0,d,a,x,x,7.49,5.07,0,0,a,d,x,x,8.33,4.27,0,0,a,d,x,x
552,7.62,5.28,0,0,a,d,x,x,7.74,5.35,0,0,a,d,x,x,7.70,4.46,0,0,a,d,x,x
553,5.97,0,0,0,a,x,x,x,7.17,0,0,0,a,x,x,x,7.07,0,0,0,a,x,x,x
554,5.28,0,0,0,d,x,x,x,4.76,0,0,0,d,x,x,x,4.91,0,0,0,d,x,x,x
,
X,A1,A2,A3,A4,SRC_A1,SRC_A2,SRC_A3,SRC_A4,B1,B2,B3,B4,SRC_B1,SRC_B2,SRC_B3,SRC_B4,C1,C2,C3,C4,SRC_C1,SRC_C2,SRC_C3,SRC_C4
556,7.41,0,0,0,d,x,x,x,0,0,0,0,x,x,x,x,6.76,0,0,0,d,x,x,x
560,3.72,0,0,0,a,x,x,x,4.97,0,0,0,a,x,x,x,4.50,0,0,0,a,x,x,x
564,4.55,3.72,0,0,a,d,x,x,7.47,4.97,0,0,a,d,x,x,5.34,4.50,0,0,a,d,x,x
565,0,0,0,0,x,x,x,x,8.78,0,0,0,a,x,x,x,9.47,0,0,0,a,x,x,x
566,8.10,0,0,0,a,x,x,x,8.06,6.24,0,0,a,a,x,x,6.70,0,0,0,a,x,x,x
567,7.71,0,0,0,d,x,x,x,5.69,0,0,0,d,x,x,x,0,0,0,0,x,x,x,x
568,9.52,0,0,0,d,x,x,x,9.85,0,0,0,d,x,x,x,0,0,0,0,x,x,x,x
569,9.85,6.19,0,0,d,a,x,x,0,0,0,0,x,x,x,x,9.85,7.70,0,0,d,a,x,x
571,5.73,0,0,0,a,x,x,x,0,0,0,0,x,x,x,x,5.12,0,0,0,a,x,x,x
572,9.85,0,0,0,a,x,x,x,0,0,0,0,x,x,x,x,9.85,0,0,0,a,x,x,x
573,6.19,0,0,0,d,x,x,x,0,0,0,0,x,x,x,x,7.70,0,0,0,d,x,x,x
574,6.70,5.73,0,0,a,d,x,x,5.51,0,0,0,a,x,x,x,6.15,5.12,0,0,a,d,x,x
575,8.10,7.71,0,0,d,a,x,x,8.06,5.69,0,0,d,a,x,x,6.70,0,0,0,d,x,x,x
576,7.34,0,0,0,a,x,x,x,7.68,6.24,0,0,a,d,x,x,8.00,0,0,0,a,x,x,x
577,5.27,0,0,0,d,x,x,x,6.66,0,0,0,d,x,x,x,7.68,0,0,0,d,x,x,x
578,6.03,4.55,0,0,a,d,x,x,7.47,5.42,0,0,d,a,x,x,6.56,5.34,0,0,a,d,x,x
579,7.13,0,0,0,d,x,x,x,7.79,0,0,0,d,x,x,x,8.47,0,0,0,d,x,x,x
583,7.13,6.03,0,0,a,d,x,x,7.79,5.42,0,0,a,d,x,x,8.47,6.56,0,0,a,d,x,x
584,7.41,0,0,0,a,x,x,x,0,0,0,0,x,x,x,x,6.76,0,0,0,a,x,x,x
585,5.27,0,0,0,a,x,x,x,6.66,0,0,0,a,x,x,x,7.68,0,0,0,a,x,x,x
586,7.34,5.28,0,0,d,a,x,x,7.68,4.76,0,0,d,a,x,x,8.00,4.91,0,0,d,a,x,x
587,5.97,0,0,0,d,x,x,x,7.17,0,0,0,d,x,x,x,7.07,0,0,0,d,x,x,x
588,6.70,5.28,0,0,d,a,x,x,5.51,5.35,0,0,d,a,x,x,6.15,4.46,0,0,d,a,x,x
589,4.15,0,0,0,d,x,x,x,7.49,0,0,0,d,x,x,x,8.33,0,0,0,d,x,x,x
593,7.31,0,0,0,a,x,x,x,9.03,0,0,0,a,x,x,x,6.87,0,0,0,a,x,x,x
594,6.63,4.62,0,0,d,a,x,x,6.51,5.49,0,0,d,a,x,x,6.63,5.24,0,0,d,a,x,x
595,7.12,0,0,0,a,x,x,x,6.62,0,0,0,a,x,x,x,7.96,0,0,0,a,x,x,x
596,7.50,5.11,0,0,d,a,x,x,6.78,5.42,0,0,d,a,x,x,6.43,4.87,0,0,d,a,x,x
597,4.43,3.91,0,0,d,a,x,x,5.43,3.94,0,0,d,a,x,x,4.15,3.81,0,0,d,a,x,x
598,6.22,5.13,0,0,a,d,x,x,5.40,4.37,0,0,a,d,x,x,6.06,5.13,0,0,a,d,x,x
599,8.43,4.45,0,0,a,d,x,x,9.13,4.55,0,0,a,d,x,x,9.82,4.85,0,0,a,d,x,x
600,4.13,0,0,0,d,x,x,x,4.93,0,0,0,d,x,x,x,4.66,0,0,0,d,x,x,x
601,9.85,0,0,0,a,x,x,x,0,0,0,0,x,x,x,x,0,0,0,0,x,x,x,x
603,6.47,0,0,0,d,x,x,x,7.62,0,0,0,d,x,x,x,0,0,0,0,x,x,x,x
606,9.85,0,0,0,d,x,x,x,0,0,0,0,x,x,x,x,0,0,0,0,x,x,x,x
609,4.45,0,0,0,a,x,x,x,4.55,0,0,0,a,x,x,x,4.85,0,0,0,a,x,x,x
610,6.22,3.73,0,0,d,a,x,x,5.40,4.85,0,0,d,a,x,x,6.06,4.59,0,0,d,a,x,x
611,4.45,4.43,0,0,d,a,x,x,5.43,4.88,0,0,a,d,x,x,4.98,4.15,0,0,d,a,x,x
612,5.11,0,0,0,d,x,x,x,5.42,0,0,0,d,x,x,x,4.87,0,0,0,d,x,x,x
613,4.41,0,0,0,d,x,x,x,5.98,0,0,0,d,x,x,x,6.47,0,0,0,d,x,x,x
614,4.62,0,0,0,d,x,x,x,5.49,0,0,0,d,x,x,x,5.24,0,0,0,d,x,x,x
615,9.42,0,0,0,d,x,x,x,8.73,0,0,0,d,x,x,x,8.24,0,0,0,d,x,x,x
616,9.85,0,0,0,a,x,x,x,8.73,0,0,0,a,x,x,x,9.85,0,0,0,a,x,x,x
619,9.85,0,0,0,d,x,x,x,0,0,0,0,x,x,x,x,9.85,0,0,0,d,x,x,x
620,0,0,0,0,x,x,x,x,8.73,0,0,0,d,x,x,x,0,0,0,0,x,x,x,x
641,7.88,0,0,0,a,x,x,x,5.86,0,0,0,a,x,x,x,5.77,0,0,0,a,x,x,x
643,4.21,0,0,0,a,x,x,x,5.65,0,0,0,a,x,x,x,5.01,0,0,0,a,x,x,x
644,4.81,0,0,0,d,x,x,x,4.11,0,0,0,d,x,x,x,3.67,0,0,0,d,x,x,x
645,5.50,0,0,0,a,x,x,x,3.90,0,0,0,a,x,x,x,0,0,0,0,x,x,x,x
646,0,0,0,0,x,x,x,x,9.63,0,0,0,d,x,x,x,7.48,0,0,0,d,x,x,x
647,9.42,0,0,0,a,x,x,x,8.73,0,0,0,a,x,x,x,8.24,0,0,0,a,x,x,x
648,0,0,0,0,x,x,x,x,9.63,0,0,0,a,x,x,x,7.48,0,0,0,a,x,x,x
649,5.50,4.41,0,0,d,a,x,x,5.98,3.90,0,0,a,d,x,x,6.47,0,0,0,a,x,x,x
650,4.81,0,0,0,a,x,x,x,4.11,0,0,0,a,x,x,x,3.67,0,0,0,a,x,x,x
651,4.45,4.21,0,0,a,d,x,x,5.65,4.88,0,0,d,a,x,x,5.01,4.98,0,0,d,a,x,x
652,3.73,0,0,0,d,x,x,x,4.85,0,0,0,d,x,x,x,4.59,0,0,0,d,x,x,x
653,7.88,0,0,0,d,x,x,x,5.86,0,0,0,d,x,x,x,5.77,0,0,0,d,x,x,x
654,6.40,0,0,0,a,x,x,x,7.42,0,0,0,a,x,x,x,6.63,0,0,0,a,x,x,x
655,8.33,0,0,0,d,x,x,x,7.01,0,0,0,d,x,x,x,8.34,0,0,0,d,x,x,x
657,5.93,0,0,0,d,x,x,x,6.51,0,0,0,d,x,x,x,7.11,0,0,0,d,x,x,x
660,9.65,0,0,0,a,x,x,x,8.04,0,0,0,a,x,x,x,9.66,0,0,0,a,x,x,x
664,4.67,0,0,0,a,x,x,x,4.88,0,0,0,a,x,x,x,4.58,0,0,0,a,x,x,x
667,9.85,5.36,0,0,d,a,x,x,9.85,5.21,0,0,d,a,x,x,9.85,5.36,0,0,d,a,x,x
668,9.85,0,0,0,d,x,x,x,9.85,0,0,0,d,x,x,x,9.85,0,0,0,d,x,x,x
669,8.21,6.48,0,0,d,a,x,x,7.49,6.22,0,0,d,a,x,x,6.27,0,0,0,a,x,x,x
670,9.85,9.85,8.12,0,a,a,d,x,9.85,9.85,8.14,0,a,a,d,x,9.85,9.85,0,0,a,a,x,x
671,5.80,5.36,0,0,a,d,x,x,5.21,4.71,0,0,d,a,x,x,5.36,4.46,0,0,d,a,x,x
672,5.28,0,0,0,d,x,x,x,5.49,0,0,0,d,x,x,x,5.66,0,0,0,d,x,x,x
673,4.67,0,0,0,d,x,x,x,4.88,0,0,0,d,x,x,x,4.58,0,0,0,d,x,x,x
688,0,0,0,0,x,x,x,x,7.18,0,0,0,a,x,x,x,0,0,0,0,x,x,x,x
689,8.20,0,0,0,d,x,x,x,6.69,0,0,0,d,x,x,x,7.36,0,0,0,d,x,x,x
691,8.20,0,0,0,a,x,x,x,6.69,0,0,0,a,x,x,x,7.36,0,0,0,a,x,x,x
692,8.33,0,0,0,a,x,x,x,7.18,7.01,0,0,d,a,x,x,8.34,0,0,0,a,x,x,x
694,5.93,0,0,0,a,x,x,x,6.51,0,0,0,a,x,x,x,7.11,0,0,0,a,x,x,x
695,6.40,5.28,0,0,d,a,x,x,7.42,5.49,0,0,d,a,x,x,6.63,5.66,0,0,d,a,x,x
696,5.80,0,0,0,d,x,x,x,4.71,0,0,0,d,x,x,x,4.46,0,0,0,d,x,x,x
698,6.48,0,0,0,d,x,x,x,6.22,0,0,0,d,x,x,x,6.27,0,0,0,d,x,x,x
699,9.65,0,0,0,d,x,x,x,8.04,0,0,0,d,x,x,x,9.66,0,0,0,d,x,x,x
701,0,0,0,0,x,x,x,x,5.39,0,0,0,a,x,x,x,5.21,0,0,0,a,x,x,x
704,0,0,0,0,x,x,x,x,5.39,0,0,0,d,x,x,x,0,0,0,0,x,x,x,x
705,0,0,0,0,x,x,x,x,0,0,0,0,x,x,x,x,7.62,0,0,0,a,x,x,x
708,0,0,0,0,x,x,x,x,0,0,0,0,x,x,x,x,7.62,0,0,0,d,x,x,x
710,5.63,0,0,0,a,x,x,x,6.07,0,0,0,a,x,x,x,7.08,0,0,0,a,x,x,x
712,4.51,0,0,0,a,x,x,x,6.36,0,0,0,a,x,x,x,4.67,0,0,0,a,x,x,x
713,4.43,0,0,0,d,x,x,x,4.91,0,0,0,d,x,x,x,4.85,0,0,0,d,x,x,x
714,7.51,7.36,0,0,d,a,x,x,9.85,8.68,0,0,a,d,x,x,9.85,0,0,0,a,x,x,x
715,6.89,4.21,0,0,a,d,x,x,9.85,8.53,0,0,d,a,x,x,6.86,0,0,0,a,x,x,x
717,9.85,8.88,0,0,d,a,x,x,8.26,7.34,0,0,d,a,x,x,9.85,8.87,0,0,d,a,x,x
718,0,0,0,0,x,x,x,x,7.70,7.64,0,0,d,d,x,x,0,0,0,0,x,x,x,x
719,4.66,0,0,0,a,x,x,x,4.94,0,0,0,a,x,x,x,5.64,0,0,0,a,x,x,x
720,4.46,0,0,0,d,x,x,x,4.78,0,0,0,d,x,x,x,4.41,0,0,0,d,x,x,x
721,4.71,0,0,0,a,x,x,x,6.84,0,0,0,a,x,x,x,6.59,0,0,0,a,x,x,x
722,4.17,0,0,0,d,x,x,x,4.27,0,0,0,d,x,x,x,4.32,0,0,0,d,x,x,x
723,5.53,0,0,0,a,x,x,x,6.36,0,0,0,a,x,x,x,6.03,0,0,0,a,x,x,x
724,3.91,0,0,0,d,x,x,x,4.37,0,0,0,d,x,x,x,8.31,0,0,0,d,x,x,x
725,4.37,0,0,0,a,x,x,x,4.48,0,0,0,a,x,x,x,3.66,0,0,0,a,x,x,x
726,3.85,0,0,0,d,x,x,x,3.82,0,0,0,d,x,x,x,4.54,0,0,0,d,x,x,x
727,6.41,0,0,0,a,x,x,x,6.41,0,0,0,a,x,x,x,7.64,0,0,0,a,x,x,x
728,4.27,0,0,0,d,x,x,x,4.13,0,0,0,d,x,x,x,4.27,0,0,0,d,x,x,x
730,7.70,0,0,0,d,x,x,x,7.11,0,0,0,d,x,x,x,6.74,0,0,0,d,x,x,x
732,6.26,0,0,0,a,x,x,x,7.63,0,0,0,a,x,x,x,6.53,0,0,0,a,x,x,x
733,6.51,0,0,0,a,x,x,x,4.80,0,0,0,a,x,x,x,5.21,0,0,0,a,x,x,x
735,6.26,4.58,0,0,d,a,x,x,7.63,4.81,0,0,d,a,x,x,6.53,6.02,0,0,d,a,x,x
736,7.07,0,0,0,d,x,x,x,9.66,0,0,0,d,x,x,x,7.01,0,0,0,d,x,x,x
737,4.05,0,0,0,a,x,x,x,3.41,0,0,0,a,x,x,x,3.26,0,0,0,a,x,x,x
738,3.92,2.62,0,0,d,a,x,x,6.53,3.46,0,0,d,a,x,x,4.15,2.35,0,0,d,a,x,x
739,9.85,9.85,0,0,a,a,x,x,8.31,5.97,0,0,a,a,x,x,9.85,5.65,0,0,a,a,x,x
742,4.05,0,0,0,d,x,x,x,3.41,0,0,0,d,x,x,x,3.26,0,0,0,d,x,x,x
743,2.62,0,0,0,d,x,x,x,3.46,0,0,0,d,x,x,x,2.35,0,0,0,d,x,x,x
744,9.85,0,0,0,d,x,x,x,5.97,0,0,0,d,x,x,x,5.65,0,0,0,d,x,x,x
745,9.85,0,0,0,d,x,x,x,8.31,0,0,0,d,x,x,x,9.85,0,0,0,d,x,x,x
746,8.35,0,0,0,a,x,x,x,0.68,0,0,0,a,x,x,x,2.03,0,0,0,a,x,x,x
747,2.49,0,0,0,a,x,x,x,0.94,0,0,0,a,x,x,x,4.32,0,0,0,a,x,x,x
748,0,0,0,0,x,x,x,x,0,0,0,0,x,x,x,x,2.51,0,0,0,a,x,x,x
749,9.85,5.28,0,0,a,a,x,x,0,0,0,0,x,x,x,x,2.30,0,0,0,a,x,x,x
750,6.04,0,0,0,a,x,x,x,7.27,2.32,0,0,a,a,x,x,8.71,5.00,0,0,a,a,x,x
751,8.35,0,0,0,d,x,x,x,0.68,0,0,0,d,x,x,x,2.03,0,0,0,d,x,x,x
752,2.96,2.49,0,0,a,d,x,x,0.94,0,0,0,d,x,x,x,4.32,2.91,0,0,d,a,x,x
753,5.66,5.28,0,0,a,d,x,x,3.93,0,0,0,a,x,x,x,4.57,2.51,0,0,a,d,x,x
754,9.85,5.50,0,0,d,a,x,x,7.27,3.42,0,0,d,a,x,x,8.71,2.30,0,0,d,d,x,x
755,6.04,0,0,0,d,x,x,x,7.70,2.32,0,0,a,d,x,x,8.66,7.07,5.00,0,a,a,d,x
756,9.85,2.96,0,0,a,d,x,x,0,0,0,0,x,x,x,x,2.91,0,0,0,d,x,x,x
757,5.66,0,0,0,d,x,x,x,3.93,0,0,0,d,x,x,x,4.57,0,0,0,d,x,x,x
758,5.50,2.49,0,0,d,a,x,x,3.42,2.30,0,0,d,a,x,x,3.66,0,0,0,a,x,x,x
759,2.74,0,0,0,a,x,x,x,1.64,0,0,0,a,x,x,x,3.45,0,0,0,a,x,x,x
760,9.85,3.26,0,0,d,a,x,x,1.47,0,0,0,a,x,x,x,4.32,0,0,0,a,x,x,x
761,0.66,0,0,0,a,x,x,x,0.68,0,0,0,a,x,x,x,1.86,0,0,0,a,x,x,x
762,0.87,0,0,0,a,x,x,x,0.24,0,0,0,a,x,x,x,0.85,0,0,0,a,x,x,x
763,2.49,1.55,0,0,d,a,x,x,2.30,0.94,0,0,d,a,x,x,3.66,1.12,0,0,d,a,x,x
764,2.74,1.90,0,0,d,a,x,x,4.50,1.64,0,0,a,d,x,x,3.45,2.49,0,0,d,a,x,x
765,4.02,3.26,0,0,a,d,x,x,1.72,1.47,0,0,a,d,x,x,4.32,2.58,0,0,d,a,x,x
766,0.66,0,0,0,d,x,x,x,2.37,0.68,0,0,a,d,x,x,2.80,1.86,0,0,a,d,x,x
767,3.24,2.30,0.87,0,a,a,d,x,4.83,0.24,0,0,a,d,x,x,0.85,0.66,0,0,d,a,x,x
768,2.50,1.55,0,0,a,d,x,x,1.15,0.94,0,0,a,d,x,x,3.79,1.12,0,0,a,d,x,x
769,1.90,0,0,0,d,x,x,x,4.50,1.00,0,0,d,a,x,x,4.45,2.49,0,0,a,d,x,x
770,6.65,4.02,0,0,a,d,x,x,3.01,1.72,0,0,a,d,x,x,3.33,2.58,0,0,a,d,x,x
771,3.24,0,0,0,d,x,x,x,2.37,0,0,0,d,x,x,x,2.80,0,0,0,d,x,x,x
772,2.30,0,0,0,d,x,x,x,4.83,3.79,0,0,d,a,x,x,0.66,0,0,0,d,x,x,x
773,3.81,2.50,0,0,a,d,x,x,3.03,1.56,1.15,0,a,a,d,x,3.79,3.03,0.98,0,d,a,a,x
774,7.73,0,0,0,a,x,x,x,1.00,0,0,0,d,x,x,x,4.45,4.36,0,0,d,a,x,x
775,6.65,2.30,0,0,d,a,x,x,4.38,3.01,0,0,a,d,x,x,3.33,1.60,0,0,d,a,x,x
776,3.83,0,0,0,a,x,x,x,3.47,0,0,0,a,x,x,x,1.47,0,0,0,a,x,x,x
777,2.03,0,0,0,a,x,x,x,3.79,3.03,0,0,d,d,x,x,3.03,1.67,0,0,d,a,x,x
778,5.80,3.81,0,0,a,d,x,x,5.15,1.56,0,0,a,d,x,x,6.93,0.98,0,0,a,d,x,x
779,9.81,7.73,0,0,a,d,x,x,0,0,0,0,x,x,x,x,7.02,4.36,0,0,a,d,x,x
780,2.30,0,0,0,d,x,x,x,4.38,0,0,0,d,x,x,x,1.60,0,0,0,d,x,x,x
781,3.83,0,0,0,d,x,x,x,3.47,0,0,0,d,x,x,x,1.47,0,0,0,d,x,x,x
782,5.93,2.03,0,0,a,d,x,x,6.21,0,0,0,a,x,x,x,6.48,1.67,0,0,a,d,x,x
783,5.80,0,0,0,d,x,x,x,5.15,0,0,0,d,x,x,x,6.93,0,0,0,d,x,x,x
784,9.81,0,0,0,d,x,x,x,0,0,0,0,x,x,x,x,7.02,0,0,0,d,x,x,x
,
X,A1,A2,A3,A4,SRC_A1,SRC_A2,SRC_A3,SRC_A4,B1,B2,B3,B4,SRC_B1,SRC_B2,SRC_B3,SRC_B4,C1,C2,C3,C4,SRC_C1,SRC_C2,SRC_C3,SRC_C4
785,5.93,0,0,0,d,x,x,x,6.21,0,0,0,d,x,x,x,6.48,0,0,0,d,x,x,x
789,5.21,0,0,0,d,x,x,x,0,0,0,0,x,x,x,x,0,0,0,0,x,x,x,x
796,5.92,0,0,0,a,x,x,x,8.32,0,0,0,a,x,x,x,8.07,0,0,0,a,x,x,x
797,7.31,0,0,0,a,x,x,x,8.12,0,0,0,a,x,x,x,7.31,0,0,0,a,x,x,x
799,5.92,0,0,0,d,x,x,x,8.32,0,0,0,d,x,x,x,8.07,0,0,0,d,x,x,x
800,5.93,0,0,0,a,x,x,x,0,0,0,0,x,x,x,x,0,0,0,0,x,x,x,x
801,7.31,0,0,0,d,x,x,x,8.12,0,0,0,d,x,x,x,7.31,0,0,0,d,x,x,x
802,3.19,3.02,0,0,a,a,x,x,5.04,4.41,0,0,a,a,x,x,3.92,3.77,0,0,a,a,x,x
803,5.93,0,0,0,d,x,x,x,0,0,0,0,x,x,x,x,0,0,0,0,x,x,x,x
804,0,0,0,0,x,x,x,x,0,0,0,0,x,x,x,x,7.55,0,0,0,a,x,x,x
806,3.02,0,0,0,d,x,x,x,4.41,0,0,0,d,x,x,x,3.77,0,0,0,d,x,x,x
807,3.19,0,0,0,d,x,x,x,5.04,0,0,0,d,x,x,x,3.92,0,0,0,d,x,x,x
808,9.80,0,0,0,a,x,x,x,9.85,0,0,0,a,x,x,x,9.85,0,0,0,a,x,x,x
809,0,0,0,0,x,x,x,x,9.85,0,0,0,d,x,x,x,9.85,0,0,0,d,x,x,x
812,9.80,0,0,0,d,x,x,x,9.85,0,0,0,d,x,x,x,9.85,0,0,0,d,x,x,x
815,0,0,0,0,x,x,x,x,9.85,0,0,0,a,x,x,x,9.85,0,0,0,a,x,x,x
816,0.68,0,0,0,a,x,x,x,0.39,0,0,0,a,x,x,x,1.28,0,0,0,a,x,x,x
817,1.90,0,0,0,a,x,x,x,1.99,0,0,0,a,x,x,x,1.00,0,0,0,a,x,x,x
818,2.43,0,0,0,a,x,x,x,1.99,0,0,0,a,x,x,x,1.88,0,0,0,a,x,x,x
819,0.85,0,0,0,a,x,x,x,2.73,0,0,0,a,x,x,x,7.55,0.98,0,0,d,a,x,x
820,0.70,0,0,0,a,x,x,x,0,0,0,0,x,x,x,x,0.96,0,0,0,a,x,x,x
821,0.68,0,0,0,d,x,x,x,2.88,0.39,0,0,a,d,x,x,1.28,0,0,0,d,x,x,x
822,2.96,1.90,0,0,a,d,x,x,4.72,1.99,0,0,a,d,x,x,3.02,1.00,0,0,a,d,x,x
823,7.13,2.43,0,0,a,d,x,x,1.99,0,0,0,d,x,x,x,6.31,1.88,0,0,a,d,x,x
824,0.85,0,0,0,d,x,x,x,2.73,0,0,0,d,x,x,x,0.98,0,0,0,d,x,x,x
825,0.70,0,0,0,d,x,x,x,2.88,0,0,0,d,x,x,x,0.96,0,0,0,d,x,x,x
826,2.96,0,0,0,d,x,x,x,4.72,0,0,0,d,x,x,x,3.02,0,0,0,d,x,x,x
827,7.13,0,0,0,d,x,x,x,0,0,0,0,x,x,x,x,6.31,0,0,0,d,x,x,x
857,3.92,0,0,0,a,x,x,x,6.53,0,0,0,a,x,x,x,4.15,0,0,0,a,x,x,x
859,7.07,0,0,0,a,x,x,x,9.66,0,0,0,a,x,x,x,7.01,0,0,0,a,x,x,x
860,4.58,0,0,0,d,x,x,x,4.81,0,0,0,d,x,x,x,6.02,0,0,0,d,x,x,x
862,6.51,0,0,0,d,x,x,x,4.80,0,0,0,d,x,x,x,5.21,0,0,0,d,x,x,x
863,0,0,0,0,x,x,x,x,8.21,0,0,0,a,x,x,x,7.49,0,0,0,a,x,x,x
864,0,0,0,0,x,x,x,x,8.12,0,0,0,a,x,x,x,8.14,0,0,0,a,x,x,x
866,2.49,0,0,0,a,x,x,x,4.20,2.68,0,0,a,a,x,x,1.90,0,0,0,a,x,x,x
867,1.31,0,0,0,a,x,x,x,0.39,0,0,0,a,x,x,x,3.68,0,0,0,a,x,x,x
868,0,0,0,0,x,x,x,x,0,0,0,0,x,x,x,x,4.27,0,0,0,a,x,x,x
869,3.90,0,0,0,a,x,x,x,3.37,0,0,0,a,x,x,x,2.80,2.58,0,0,a,a,x,x
870,4.03,3.56,0,0,a,a,x,x,5.52,4.91,4.20,0,a,a,d,x,4.42,2.69,0,0,a,a,x,x
871,2.49,0,0,0,d,x,x,x,7.66,2.68,0,0,a,d,x,x,1.90,0,0,0,d,x,x,x
872,1.31,0.85,0,0,d,a,x,x,0.39,0,0,0,d,x,x,x,3.68,3.45,0,0,d,a,x,x
873,3.90,0.68,0,0,d,a,x,x,3.37,3.24,0.87,0,d,a,a,x,4.27,2.80,1.90,0,d,d,a,x
874,8.65,3.56,0,0,a,d,x,x,4.91,3.01,0,0,d,a,x,x,4.42,2.58,0,0,d,d,x,x
875,5.07,4.03,0,0,a,d,x,x,5.52,0,0,0,d,x,x,x,3.38,2.69,0,0,a,d,x,x
876,0,0,0,0,x,x,x,x,7.66,5.61,0,0,d,a,x,x,4.47,0,0,0,a,x,x,x
877,7.10,3.27,0.85,0,a,a,d,x,8.35,3.24,0,0,a,d,x,x,9.85,3.45,0,0,a,d,x,x
878,0.68,0,0,0,d,x,x,x,0.87,0,0,0,d,x,x,x,3.00,1.90,0,0,a,d,x,x
879,8.65,0,0,0,d,x,x,x,3.01,0,0,0,d,x,x,x,0,0,0,0,x,x,x,x
880,7.27,6.21,5.07,0,a,a,d,x,6.32,0,0,0,a,x,x,x,9.85,8.13,3.38,0,a,a,d,x
881,3.27,0,0,0,d,x,x,x,5.61,0,0,0,d,x,x,x,4.47,0,0,0,d,x,x,x
882,7.10,0,0,0,d,x,x,x,8.35,0,0,0,d,x,x,x,9.85,0,0,0,d,x,x,x
883,7.77,0,0,0,a,x,x,x,9.55,0,0,0,a,x,x,x,9.85,3.00,0,0,a,d,x,x
884,6.21,0,0,0,d,x,x,x,0,0,0,0,x,x,x,x,0,0,0,0,x,x,x,x
885,7.27,0,0,0,d,x,x,x,6.32,0,0,0,d,x,x,x,8.13,7.76,0,0,d,a,x,x
886,3.24,0,0,0,a,x,x,x,0,0,0,0,x,x,x,x,9.85,0,0,0,d,x,x,x
887,9.84,6.17,0,0,a,a,x,x,6.50,5.89,0,0,a,a,x,x,8.12,0,0,0,a,x,x,x
889,0,0,0,0,x,x,x,x,0,0,0,0,x,x,x,x,7.76,0,0,0,d,x,x,x
890,3.24,0,0,0,d,x,x,x,0,0,0,0,x,x,x,x,0,0,0,0,x,x,x,x
891,9.84,0,0,0,d,x,x,x,5.89,0,0,0,d,x,x,x,0,0,0,0,x,x,x,x
892,6.17,0,0,0,d,x,x,x,6.50,0,0,0,d,x,x,x,8.12,0,0,0,d,x,x,x
895,0,0,0,0,x,x,x,x,7.51,0,0,0,a,x,x,x,8.68,0,0,0,a,x,x,x
897,7.77,2.67,0,0,d,a,x,x,9.55,3.02,0,0,d,a,x,x,9.85,6.40,5.25,0,d,a,a,x
898,2.59,0,0,0,a,x,x,x,1.88,0,0,0,a,x,x,x,0.68,0,0,0,a,x,x,x
899,0.00,0,0,0,a,x,x,x,0.60,0,0,0,a,x,x,x,0.94,0,0,0,a,x,x,x
900,0.44,0,0,0,a,x,x,x,1.55,0,0,0,a,x,x,x,1.28,0,0,0,a,x,x,x
901,3.57,0,0,0,a,x,x,x,3.80,0,0,0,a,x,x,x,5.25,1.12,0,0,d,a,x,x
902,3.80,2.67,0,0,a,d,x,x,3.02,2.12,0,0,d,a,x,x,6.40,1.40,0,0,d,a,x,x
903,2.80,2.59,0,0,a,d,x,x,1.88,1.41,0,0,d,a,x,x,0.68,0.44,0,0,d,a,x,x
904,7.51,0.00,0,0,a,d,x,x,1.99,0.60,0,0,a,d,x,x,3.54,0.94,0,0,a,d,x,x
905,0.44,0,0,0,d,x,x,x,2.00,1.55,0,0,a,d,x,x,6.23,1.28,0,0,a,d,x,x
906,5.80,3.57,3.29,3.19,a,d,a,a,6.03,3.80,2.69,0,a,d,a,x,6.01,5.08,1.12,0,a,a,d,x
907,3.80,0,0,0,d,x,x,x,2.12,0,0,0,d,x,x,x,1.40,0,0,0,d,x,x,x
908,2.80,0,0,0,d,x,x,x,1.41,0,0,0,d,x,x,x,0.44,0,0,0,d,x,x,x
909,7.51,0,0,0,d,x,x,x,1.99,0,0,0,d,x,x,x,3.54,0,0,0,d,x,x,x
910,3.19,0,0,0,d,x,x,x,2.00,0,0,0,d,x,x,x,6.23,0,0,0,d,x,x,x
911,3.29,0,0,0,d,x,x,x,2.69,0,0,0,d,x,x,x,5.08,0,0,0,d,x,x,x
912,5.80,4.10,0,0,d,a,x,x,6.03,4.23,0,0,d,a,x,x,7.63,6.01,0,0,a,d,x,x
913,5.93,0,0,0,a,x,x,x,8.72,0,0,0,a,x,x,x,3.80,0,0,0,a,x,x,x
914,0.87,0,0,0,a,x,x,x,1.79,0,0,0,a,x,x,x,2.49,0,0,0,a,x,x,x
915,1.56,0,0,0,a,x,x,x,1.67,0,0,0,a,x,x,x,1.15,0,0,0,a,x,x,x
916,4.10,0,0,0,d,x,x,x,4.23,0,0,0,d,x,x,x,7.63,0,0,0,d,x,x,x
917,5.93,5.87,0,0,d,a,x,x,8.72,6.27,0,0,d,a,x,x,6.27,0,0,0,a,x,x,x
918,0,0,0,0,x,x,x,x,0,0,0,0,x,x,x,x,3.80,0,0,0,d,x,x,x
919,3.22,0.87,0,0,a,d,x,x,3.38,3.22,1.79,0,a,a,d,x,3.74,2.49,0,0,a,d,x,x
920,1.60,1.56,0,0,a,d,x,x,1.89,1.67,0,0,a,d,x,x,2.55,1.15,0,0,a,d,x,x
921,5.87,0.39,0,0,d,a,x,x,6.27,3.98,0,0,d,a,x,x,6.27,2.73,0,0,d,a,x,x
922,0.66,0,0,0,a,x,x,x,0.38,0,0,0,a,x,x,x,2.31,0,0,0,a,x,x,x
923,1.90,0,0,0,a,x,x,x,3.38,1.09,0,0,d,a,x,x,1.09,0,0,0,a,x,x,x
924,3.22,1.60,0,0,d,a,x,x,3.22,2.31,0,0,d,a,x,x,3.74,2.04,0,0,d,a,x,x
925,4.18,1.60,0,0,a,d,x,x,3.11,1.89,0,0,a,d,x,x,2.55,1.64,0,0,d,a,x,x
926,4.62,0.39,0,0,a,d,x,x,4.06,3.98,0,0,a,d,x,x,4.18,2.73,0,0,a,d,x,x
927,3.83,0.66,0.24,0,a,d,a,x,0.65,0.38,0,0,a,d,x,x,3.41,2.31,0.60,0,a,d,a,x
928,2.19,1.90,0,0,a,d,x,x,1.67,1.09,0,0,a,d,x,x,2.19,1.09,0,0,a,d,x,x
929,1.60,0,0,0,d,x,x,x,2.31,0,0,0,d,x,x,x,2.04,0,0,0,d,x,x,x
930,4.18,2.66,0,0,d,a,x,x,3.11,2.94,0,0,d,a,x,x,3.94,1.64,0,0,a,d,x,x
931,4.62,3.85,3.83,0,d,a,d,x,4.17,4.07,4.06,0,a,a,d,x,4.18,3.41,3.32,1.41,d,d,a,a
932,4.39,0.24,0,0,a,d,x,x,3.81,0.65,0,0,a,d,x,x,0.60,0,0,0,d,x,x,x
933,3.19,2.19,0,0,a,d,x,x,2.67,1.67,0,0,a,d,x,x,3.61,2.19,0,0,a,d,x,x
934,2.89,0,0,0,a,x,x,x,2.94,2.45,0,0,d,a,x,x,0.24,0,0,0,a,x,x,x
935,2.66,0,0,0,d,x,x,x,9.05,4.07,0,0,a,d,x,x,5.05,3.94,3.32,0,a,d,d,x
936,3.85,0,0,0,d,x,x,x,5.32,4.17,0,0,a,d,x,x,7.46,1.41,0,0,a,d,x,x
937,8.17,4.39,0,0,a,d,x,x,6.04,3.81,0,0,a,d,x,x,0,0,0,0,x,x,x,x
938,3.19,0,0,0,d,x,x,x,2.67,0,0,0,d,x,x,x,3.61,0,0,0,d,x,x,x
939,2.89,0,0,0,d,x,x,x,2.45,0,0,0,d,x,x,x,0.24,0,0,0,d,x,x,x
940,0,0,0,0,x,x,x,x,9.05,0,0,0,d,x,x,x,5.05,0,0,0,d,x,x,x
941,0,0,0,0,x,x,x,x,5.32,0,0,0,d,x,x,x,7.46,0,0,0,d,x,x,x
942,8.17,0,0,0,d,x,x,x,6.04,0,0,0,d,x,x,x,0,0,0,0,x,x,x,x
943,7.97,0,0,0,a,x,x,x,0,0,0,0,x,x,x,x,0,0,0,0,x,x,x,x
945,6.94,6.04,0,0,a,a,x,x,3.21,3.02,0,0,a,a,x,x,3.21,3.02,0,0,a,a,x,x
946,3.86,0,0,0,a,x,x,x,3.65,0,0,0,a,x,x,x,2.03,0,0,0,a,x,x,x
947,7.97,0,0,0,d,x,x,x,0,0,0,0,x,x,x,x,0,0,0,0,x,x,x,x
948,0,0,0,0,x,x,x,x,3.57,0,0,0,a,x,x,x,5.39,0,0,0,a,x,x,x
949,6.94,1.46,0,0,d,a,x,x,3.21,1.46,0,0,d,a,x,x,3.21,1.59,0,0,d,a,x,x
950,6.04,1.86,0,0,d,a,x,x,3.02,2.68,0,0,d,a,x,x,3.02,1.56,0,0,d,a,x,x
951,3.86,0.38,0,0,d,a,x,x,3.65,1.88,0,0,d,a,x,x,2.03,0.38,0,0,d,a,x,x
952,1.46,0,0,0,a,x,x,x,2.30,0,0,0,a,x,x,x,1.46,0,0,0,a,x,x,x
953,0.24,0,0,0,a,x,x,x,3.57,1.09,0,0,d,a,x,x,5.39,0.59,0,0,d,a,x,x
954,1.46,0.38,0,0,d,a,x,x,1.72,1.46,0,0,a,d,x,x,1.59,0.85,0,0,d,a,x,x
955,1.86,0.00,0,0,d,a,x,x,2.68,0.39,0,0,d,a,x,x,1.56,0.70,0,0,d,a,x,x
956,0.66,0.38,0,0,a,d,x,x,1.88,1.59,0,0,d,a,x,x,1.59,0.38,0,0,a,d,x,x
957,1.46,1.15,0,0,d,a,x,x,2.45,2.30,0,0,a,d,x,x,1.46,1.15,0,0,d,a,x,x
958,2.04,0.24,0,0,a,d,x,x,2.31,1.09,0,0,a,d,x,x,0.66,0.59,0,0,a,d,x,x
959,0.66,0.38,0,0,a,d,x,x,1.72,0.00,0,0,d,a,x,x,0.85,0.44,0,0,d,a,x,x
960,0.66,0.00,0,0,a,d,x,x,1.12,0.39,0,0,a,d,x,x,0.70,0.66,0,0,d,a,x,x
961,0.66,0.65,0,0,d,a,x,x,2.58,1.59,0,0,a,d,x,x,1.83,1.59,0,0,a,d,x,x
962,1.15,0,0,0,d,x,x,x,2.45,0,0,0,d,x,x,x,1.15,0,0,0,d,x,x,x
963,3.28,2.04,0,0,a,d,x,x,3.15,2.31,0,0,a,d,x,x,3.02,0.66,0,0,a,d,x,x
964,6.07,0.66,0,0,a,d,x,x,4.14,0.00,0,0,a,d,x,x,4.46,0.44,0,0,a,d,x,x
965,2.88,0.66,0,0,a,d,x,x,3.35,1.12,0,0,a,d,x,x,3.33,0.66,0,0,a,d,x,x
966,0.65,0,0,0,d,x,x,x,2.58,0,0,0,d,x,x,x,1.83,0,0,0,d,x,x,x
967,3.28,0,0,0,d,x,x,x,3.15,0,0,0,d,x,x,x,3.02,0,0,0,d,x,x,x
968,6.07,0,0,0,d,x,x,x,4.14,0,0,0,d,x,x,x,4.46,0,0,0,d,x,x,x
969,5.55,2.88,0,0,a,d,x,x,6.31,3.35,0,0,a,d,x,x,5.89,3.33,0,0,a,d,x,x
970,0,0,0,0,x,x,x,x,8.66,0,0,0,d,x,x,x,0,0,0,0,x,x,x,x
971,7.70,0,0,0,d,x,x,x,7.07,0,0,0,d,x,x,x,0,0,0,0,x,x,x,x
973,5.55,0,0,0,d,x,x,x,6.31,0,0,0,d,x,x,x,5.89,0,0,0,d,x,x,x
976,5.49,4.29,0,0,a,a,x,x,4.20,3.61,0,0,a,a,x,x,5.49,4.20,0,0,a,a,x,x
977,5.12,0,0,0,a,x,x,x,3.88,0,0,0,a,x,x,x,4.76,0,0,0,a,x,x,x
978,5.31,0,0,0,a,x,x,x,7.36,0,0,0,a,x,x,x,5.46,0,0,0,a,x,x,x
979,8.00,0,0,0,a,x,x,x,0,0,0,0,x,x,x,x,1.60,0,0,0,a,x,x,x
980,4.29,3.68,0,0,d,a,x,x,4.20,0,0,0,d,x,x,x,4.20,0,0,0,d,x,x,x
981,6.45,5.49,0,0,a,d,x,x,6.42,3.61,0,0,a,d,x,x,5.49,0,0,0,d,x,x,x
982,5.12,0,0,0,d,x,x,x,3.88,0,0,0,d,x,x,x,4.76,0,0,0,d,x,x,x
983,5.31,0,0,0,d,x,x,x,7.36,0,0,0,d,x,x,x,9.85,5.46,0,0,a,d,x,x
984,8.00,3.68,0,0,d,d,x,x,0,0,0,0,x,x,x,x,1.60,0,0,0,d,x,x,x
985,7.23,6.45,0,0,a,d,x,x,7.23,6.42,0,0,a,d,x,x,8.93,0,0,0,a,x,x,x
986,5.65,0,0,0,a,x,x,x,6.51,0,0,0,a,x,x,x,0,0,0,0,x,x,x,x
987,0,0,0,0,x,x,x,x,0,0,0,0,x,x,x,x,3.76,0,0,0,a,x,x,x
988,3.57,0,0,0,a,x,x,x,1.67,0,0,0,a,x,x,x,4.45,0,0,0,a,x,x,x
989,3.03,0,0,0,a,x,x,x,1.90,0,0,0,a,x,x,x,3.22,0,0,0,a,x,x,x
,
X,A1,A2,A3,A4,SRC_A1,SRC_A2,SRC_A3,SRC_A4,B1,B2,B3,B4,SRC_B1,SRC_B2,SRC_B3,SRC_B4,C1,C2,C3,C4,SRC_C1,SRC_C2,SRC_C3,SRC_C4
990,7.23,1.23,0,0,d,a,x,x,7.23,2.03,0,0,d,a,x,x,8.93,2.54,0,0,d,a,x,x
991,5.65,1.55,0,0,d,a,x,x,6.51,1.55,0,0,d,a,x,x,3.76,0.85,0,0,d,a,x,x
992,4.74,0,0,0,a,x,x,x,2.62,0,0,0,a,x,x,x,5.35,4.45,0,0,a,d,x,x
993,3.57,1.90,0,0,d,a,x,x,2.59,1.67,0,0,a,d,x,x,2.15,0,0,0,a,x,x,x
994,3.03,2.04,0,0,d,a,x,x,3.80,1.90,0,0,a,d,x,x,3.22,0.66,0,0,d,a,x,x
995,1.23,0.66,0,0,d,a,x,x,2.03,1.31,0,0,d,a,x,x,3.06,2.54,0,0,a,d,x,x
996,3.50,1.55,0,0,a,d,x,x,2.49,1.55,0,0,a,d,x,x,1.76,0.85,0,0,a,d,x,x
997,4.74,2.97,0,0,d,a,x,x,3.26,2.62,0,0,a,d,x,x,5.35,2.30,0,0,d,a,x,x
998,1.90,0.68,0,0,d,a,x,x,2.59,0.68,0,0,d,a,x,x,2.15,1.49,0,0,d,a,x,x
999,2.15,2.04,0,0,a,d,x,x,3.80,1.00,0,0,d,a,x,x,3.13,0.66,0,0,a,d,x,x
1000,0.66,0.44,0,0,d,a,x,x,2.58,1.31,0,0,a,d,x,x,3.54,3.23,3.06,0,a,a,d,x
1001,3.50,1.09,0,0,d,a,x,x,2.49,0.39,0,0,d,a,x,x,1.76,0.24,0,0,d,a,x,x
1002,2.97,0.65,0,0,d,a,x,x,3.26,1.56,0,0,d,a,x,x,2.30,0.85,0,0,d,a,x,x
1003,2.37,0.68,0,0,a,d,x,x,4.66,0.68,0,0,a,d,x,x,3.22,1.49,0,0,a,d,x,x
1004,2.15,1.12,0,0,d,a,x,x,2.62,1.00,0,0,a,d,x,x,3.23,3.13,0.94,0,d,d,a,x
1005,0.68,0.44,0,0,a,d,x,x,2.58,0.66,0,0,d,a,x,x,3.54,0.87,0,0,d,a,x,x
1006,1.76,1.09,0,0,a,d,x,x,0.39,0.00,0,0,d,a,x,x,0.87,0.24,0,0,a,d,x,x
1007,2.49,0.65,0,0,a,d,x,x,1.56,1.09,0,0,d,a,x,x,1.90,0.85,0,0,a,d,x,x
1008,2.37,2.30,0,0,d,a,x,x,4.66,1.56,0,0,d,a,x,x,3.22,0.65,0,0,d,a,x,x
1009,1.67,1.12,0,0,a,d,x,x,2.62,0.70,0,0,d,a,x,x,0.94,0.70,0,0,d,a,x,x
1010,0.68,0.66,0,0,d,a,x,x,1.64,0.66,0,0,a,d,x,x,2.30,0.87,0,0,a,d,x,x
1011,1.76,0.24,0,0,d,a,x,x,0.68,0.00,0,0,a,d,x,x,1.67,0.87,0,0,a,d,x,x
1012,2.49,1.55,0,0,d,a,x,x,1.09,0.44,0,0,d,a,x,x,2.01,1.90,0,0,a,d,x,x
1013,2.30,1.75,0,0,d,a,x,x,2.38,1.56,0,0,a,d,x,x,0.98,0.65,0,0,a,d,x,x
1014,1.67,0.60,0,0,d,a,x,x,2.19,0.70,0,0,a,d,x,x,0.70,0.60,0,0,d,a,x,x
1015,1.00,0.66,0,0,a,d,x,x,1.64,0.68,0,0,d,a,x,x,2.30,0.39,0,0,d,a,x,x
1016,1.28,0.24,0,0,a,d,x,x,1.28,0.68,0,0,a,d,x,x,1.67,1.03,0,0,d,a,x,x
1017,3.08,1.55,0,0,a,d,x,x,1.41,0.44,0,0,a,d,x,x,3.70,2.01,0,0,a,d,x,x
1018,2.73,1.75,0,0,a,d,x,x,2.38,1.00,0,0,d,a,x,x,2.15,0.98,0,0,a,d,x,x
1019,0.96,0.60,0,0,a,d,x,x,2.19,1.56,0,0,d,a,x,x,1.56,0.60,0,0,a,d,x,x
1020,1.00,0.44,0,0,d,a,x,x,1.28,0.68,0,0,a,d,x,x,0.70,0.39,0,0,a,d,x,x
1021,1.46,1.28,0,0,a,d,x,x,1.28,1.00,0,0,d,a,x,x,1.03,1.00,0,0,d,a,x,x
1022,3.08,0.24,0,0,d,a,x,x,1.41,0.44,0,0,d,a,x,x,3.70,0.44,0,0,d,a,x,x
1023,2.73,0.39,0,0,d,a,x,x,1.00,0.70,0,0,d,a,x,x,2.15,0.00,0,0,d,a,x,x
1024,0.96,0.24,0,0,d,a,x,x,1.56,0.39,0,0,d,a,x,x,1.56,0.24,0,0,d,a,x,x
1025,0.85,0.44,0,0,a,d,x,x,1.28,0.87,0,0,d,a,x,x,0.70,0.00,0,0,d,a,x,x
1026,1.46,0.94,0,0,d,a,x,x,1.00,0.66,0,0,d,a,x,x,1.00,0.94,0,0,d,a,x,x
1027,0.94,0.24,0,0,a,d,x,x,0.66,0.44,0,0,a,d,x,x,1.46,0.44,0,0,a,d,x,x
1028,5.68,0.39,0,0,a,d,x,x,4.92,0.70,0,0,a,d,x,x,5.35,0.00,0,0,a,d,x,x
1029,7.82,5.61,0.24,0,a,a,d,x,7.82,6.03,0.39,0,a,a,d,x,7.25,5.90,0.24,0,a,a,d,x
1030,0.85,0,0,0,d,x,x,x,0.87,0,0,0,d,x,x,x,0.00,0,0,0,d,x,x,x
1031,0.94,0,0,0,d,x,x,x,0.66,0,0,0,d,x,x,x,0.94,0,0,0,d,x,x,x
1032,0.94,0,0,0,d,x,x,x,0.66,0,0,0,d,x,x,x,1.46,0,0,0,d,x,x,x
1033,5.68,0,0,0,d,x,x,x,4.92,0,0,0,d,x,x,x,5.35,0,0,0,d,x,x,x
1034,5.61,0,0,0,d,x,x,x,6.03,0,0,0,d,x,x,x,5.90,0,0,0,d,x,x,x
1035,7.82,0,0,0,d,x,x,x,7.82,0,0,0,d,x,x,x,7.25,0,0,0,d,x,x,x
1039,0,0,0,0,x,x,x,x,0,0,0,0,x,x,x,x,9.85,0,0,0,a,x,x,x
1043,0,0,0,0,x,x,x,x,0,0,0,0,x,x,x,x,9.85,0,0,0,d,x,x,x
1047,6.61,0,0,0,a,x,x,x,5.96,0,0,0,a,x,x,x,6.61,0,0,0,a,x,x,x
1048,7.70,0,0,0,d,x,x,x,8.79,0,0,0,d,x,x,x,7.23,0,0,0,d,x,x,x
1050,6.75,4.27,0,0,d,a,x,x,5.86,4.57,0,0,d,a,x,x,6.10,4.37,0,0,d,a,x,x
1051,6.44,0,0,0,d,x,x,x,6.70,0,0,0,d,x,x,x,6.46,0,0,0,d,x,x,x
1052,4.64,0,0,0,a,x,x,x,4.05,0,0,0,a,x,x,x,4.17,0,0,0,a,x,x,x
1053,5.84,0,0,0,d,x,x,x,5.43,0,0,0,d,x,x,x,5.22,0,0,0,d,x,x,x
1054,7.50,0,0,0,a,x,x,x,9.58,0,0,0,a,x,x,x,7.50,0,0,0,a,x,x,x
1055,5.44,0,0,0,d,x,x,x,5.29,0,0,0,d,x,x,x,5.22,0,0,0,d,x,x,x
1058,7.70,0,0,0,a,x,x,x,7.11,0,0,0,a,x,x,x,6.74,0,0,0,a,x,x,x
1060,4.27,0,0,0,a,x,x,x,4.13,0,0,0,a,x,x,x,4.27,0,0,0,a,x,x,x
1061,6.41,5.44,0,0,d,a,x,x,6.41,5.29,0,0,d,a,x,x,7.64,5.22,0,0,d,a,x,x
1062,7.50,3.85,0,0,d,a,x,x,9.58,3.82,0,0,d,a,x,x,7.50,4.54,0,0,d,a,x,x
1063,5.84,4.37,0,0,a,d,x,x,5.43,4.48,0,0,a,d,x,x,5.22,3.66,0,0,a,d,x,x
1064,4.64,3.91,0,0,d,a,x,x,4.37,4.05,0,0,a,d,x,x,8.31,4.17,0,0,a,d,x,x
1065,6.75,6.44,5.53,0,a,a,d,x,6.70,6.36,5.86,0,a,d,a,x,6.46,6.10,6.03,0,a,a,d,x
1066,4.27,4.17,0,0,d,a,x,x,4.57,4.27,0,0,d,a,x,x,4.37,4.32,0,0,d,a,x,x
1067,7.70,4.71,0,0,a,d,x,x,8.79,6.84,0,0,a,d,x,x,7.23,6.59,0,0,a,d,x,x
1068,6.61,4.46,0,0,d,a,x,x,5.96,4.78,0,0,d,a,x,x,6.61,4.41,0,0,d,a,x,x
1069,4.66,0,0,0,d,x,x,x,4.94,0,0,0,d,x,x,x,5.64,0,0,0,d,x,x,x
1070,0,0,0,0,x,x,x,x,7.70,0,0,0,a,x,x,x,0,0,0,0,x,x,x,x
1071,9.85,8.88,0,0,a,d,x,x,8.26,7.64,7.34,0,a,a,d,x,9.85,8.87,0,0,a,d,x,x
1073,4.21,0,0,0,a,x,x,x,9.85,0,0,0,a,x,x,x,0,0,0,0,x,x,x,x
1074,7.36,0,0,0,d,x,x,x,9.85,0,0,0,d,x,x,x,9.85,0,0,0,d,x,x,x
1075,4.43,0,0,0,a,x,x,x,4.91,0,0,0,a,x,x,x,4.85,0,0,0,a,x,x,x
1076,5.17,4.51,0,0,a,d,x,x,8.63,6.36,0,0,a,d,x,x,5.12,4.67,0,0,a,d,x,x
1077,7.85,0,0,0,d,x,x,x,8.70,0,0,0,d,x,x,x,9.49,0,0,0,d,x,x,x
1078,5.63,0,0,0,d,x,x,x,6.07,0,0,0,d,x,x,x,7.08,0,0,0,d,x,x,x
1080,5.18,0,0,0,a,x,x,x,0,0,0,0,x,x,x,x,5.69,0,0,0,a,x,x,x
1081,5.02,0,0,0,a,x,x,x,4.75,0,0,0,a,x,x,x,5.66,0,0,0,a,x,x,x
1082,6.77,5.72,0,0,a,d,x,x,8.12,7.14,0,0,a,d,x,x,0,0,0,0,x,x,x,x
1083,6.55,6.41,0,0,d,a,x,x,7.50,6.91,0,0,a,d,x,x,5.36,0,0,0,a,x,x,x
1084,6.79,0,0,0,d,x,x,x,7.21,0,0,0,d,x,x,x,7.84,0,0,0,d,x,x,x
1085,0,0,0,0,x,x,x,x,6.70,0,0,0,a,x,x,x,0,0,0,0,x,x,x,x
1086,6.79,0,0,0,a,x,x,x,7.21,0,0,0,a,x,x,x,7.84,0,0,0,a,x,x,x
1087,6.41,4.86,0,0,d,a,x,x,7.50,4.30,0,0,d,a,x,x,5.36,4.72,0,0,d,a,x,x
1088,5.72,5.40,0,0,a,d,x,x,7.14,6.00,0,0,a,d,x,x,5.69,0,0,0,d,x,x,x
1089,8.29,5.02,0,0,a,d,x,x,4.75,0,0,0,d,x,x,x,6.39,5.66,0,0,a,d,x,x
1090,6.55,0,0,0,d,x,x,x,8.30,0,0,0,d,x,x,x,7.50,0,0,0,d,x,x,x
1092,9.61,0,0,0,d,x,x,x,9.65,0,0,0,d,x,x,x,8.56,0,0,0,d,x,x,x
1094,6.84,0,0,0,a,x,x,x,6.02,0,0,0,a,x,x,x,0,0,0,0,x,x,x,x
1095,5.45,0,0,0,d,x,x,x,4.94,0,0,0,d,x,x,x,6.29,0,0,0,d,x,x,x
1096,4.56,0,0,0,a,x,x,x,5.15,0,0,0,a,x,x,x,5.19,0,0,0,a,x,x,x
1097,7.85,5.81,0,0,a,d,x,x,8.70,5.49,0,0,a,d,x,x,9.49,6.36,0,0,a,d,x,x
1098,8.75,5.17,0,0,a,d,x,x,8.63,0,0,0,d,x,x,x,5.12,0,0,0,d,x,x,x
1099,6.60,0,0,0,d,x,x,x,6.84,0,0,0,d,x,x,x,7.56,0,0,0,d,x,x,x
1101,8.75,6.60,0,0,d,a,x,x,6.84,0,0,0,a,x,x,x,7.56,0,0,0,a,x,x,x
1103,5.81,0,0,0,a,x,x,x,5.49,0,0,0,a,x,x,x,6.36,0,0,0,a,x,x,x
1104,4.56,0,0,0,d,x,x,x,5.74,5.15,0,0,a,d,x,x,5.19,0,0,0,d,x,x,x
1105,6.52,5.45,0,0,d,a,x,x,6.30,4.94,0,0,d,a,x,x,6.29,6.00,0,0,a,d,x,x
1106,6.84,3.68,0,0,d,a,x,x,6.02,3.80,0,0,d,a,x,x,4.34,0,0,0,a,x,x,x
1109,0,0,0,0,x,x,x,x,6.18,0,0,0,a,x,x,x,0,0,0,0,x,x,x,x
1110,3.68,0,0,0,d,x,x,x,3.80,0,0,0,d,x,x,x,4.34,0,0,0,d,x,x,x
1111,6.89,0,0,0,d,x,x,x,8.53,0,0,0,d,x,x,x,6.86,0,0,0,d,x,x,x
1112,0,0,0,0,x,x,x,x,6.18,0,0,0,d,x,x,x,0,0,0,0,x,x,x,x
1113,6.52,0,0,0,a,x,x,x,6.30,0,0,0,a,x,x,x,6.00,0,0,0,a,x,x,x
1114,0,0,0,0,x,x,x,x,5.74,0,0,0,d,x,x,x,0,0,0,0,x,x,x,x
1115,9.85,0,0,0,a,x,x,x,9.63,0,0,0,a,x,x,x,7.70,0,0,0,a,x,x,x
1116,2.97,0,0,0,a,x,x,x,3.77,0,0,0,a,x,x,x,4.14,0,0,0,a,x,x,x
1117,0,0,0,0,x,x,x,x,3.68,0,0,0,a,x,x,x,0,0,0,0,x,x,x,x
1118,6.51,0,0,0,d,x,x,x,7.23,0,0,0,d,x,x,x,6.36,0,0,0,d,x,x,x
1119,9.61,0,0,0,a,x,x,x,9.65,0,0,0,a,x,x,x,8.56,0,0,0,a,x,x,x
1120,2.97,0,0,0,d,x,x,x,3.77,0,0,0,d,x,x,x,4.14,0,0,0,d,x,x,x
1121,6.55,0,0,0,a,x,x,x,8.30,3.68,0,0,a,d,x,x,7.50,0,0,0,a,x,x,x
1122,8.29,0,0,0,d,x,x,x,0,0,0,0,x,x,x,x,6.39,0,0,0,d,x,x,x
1124,5.40,4.86,0,0,a,d,x,x,6.00,4.30,0,0,a,d,x,x,5.69,4.72,0,0,a,d,x,x
1125,0,0,0,0,x,x,x,x,5.76,0,0,0,a,x,x,x,0,0,0,0,x,x,x,x
1127,0,0,0,0,x,x,x,x,6.70,0,0,0,d,x,x,x,0,0,0,0,x,x,x,x
1128,0,0,0,0,x,x,x,x,5.76,0,0,0,d,x,x,x,0,0,0,0,x,x,x,x
1133,6.55,0,0,0,a,x,x,x,6.91,0,0,0,a,x,x,x,0,0,0,0,x,x,x,x
1134,5.18,0,0,0,d,x,x,x,0,0,0,0,x,x,x,x,5.69,0,0,0,d,x,x,x
1136,6.77,0,0,0,d,x,x,x,8.12,0,0,0,d,x,x,x,0,0,0,0,x,x,x,x
1138,6.51,0,0,0,a,x,x,x,7.23,0,0,0,a,x,x,x,6.36,0,0,0,a,x,x,x
1139,9.85,9.85,0,0,d,a,x,x,9.63,7.87,0,0,d,a,x,x,7.70,5.70,0,0,d,a,x,x
1140,3.74,0,0,0,a,x,x,x,4.93,0,0,0,a,x,x,x,0,0,0,0,x,x,x,x
1141,4.09,0,0,0,a,x,x,x,3.32,0,0,0,a,x,x,x,3.56,0,0,0,a,x,x,x
1142,0,0,0,0,x,x,x,x,0,0,0,0,x,x,x,x,3.96,0,0,0,a,x,x,x
1143,9.85,5.37,0,0,d,a,x,x,7.87,0,0,0,d,x,x,x,5.70,0,0,0,d,x,x,x
1145,3.74,0,0,0,d,x,x,x,4.93,0,0,0,d,x,x,x,3.56,0,0,0,d,x,x,x
1146,4.09,0,0,0,d,x,x,x,3.32,0,0,0,d,x,x,x,3.96,0,0,0,d,x,x,x
1147,5.37,0,0,0,d,x,x,x,0,0,0,0,x,x,x,x,0,0,0,0,x,x,x,x
,
